기준월,법정동명,일평균유동인구,시간대
1,대정동,3884.82,퇴근
1,세동,18.96,퇴근
1,구암동,5032.1,출근
1,장대동,47364.26,퇴근
1,갑동,144.36,새벽
1,궁동,14696.36,새벽
1,신성동,9269.6,새벽
1,장동,2062.81,새벽
1,원내동,18612.53,퇴근
1,송정동,347.95,퇴근
1,원신흥동,8718.36,출근
1,어은동,5956.87,출근
1,신봉동,2480.73,퇴근
1,전민동,34978.21,저녁
1,전민동,76964.02,주간
1,둔곡동,149.03,출근
1,용계동,1691.95,새벽
1,성북동,224.09,출근
1,방현동,11.6,새벽
1,봉산동,5741.01,퇴근
1,원내동,36134.52,저녁
1,원내동,69505.03,주간
1,송정동,487.58,저녁
1,송정동,1551.72,주간
1,덕명동,4919.27,출근
1,화암동,6.96,새벽
1,덕진동,1852.72,퇴근
1,신봉동,4930.37,저녁
1,신봉동,10731.29,주간
1,문지동,3918.79,퇴근
1,계산동,7806.24,저녁
1,계산동,14416.38,주간
1,복용동,6253.99,새벽
1,수남동,202.7,퇴근
1,안산동,22.66,새벽
1,원촌동,4905.8,퇴근
1,용산동,3915.0,퇴근
1,봉산동,3115.93,출근
1,송강동,14941.51,새벽
1,대정동,2282.39,출근
1,세동,10.7,출근
1,갑동,439.24,퇴근
1,궁동,16806.89,퇴근
1,구성동,4260.16,저녁
1,구성동,26409.22,주간
1,신성동,11180.11,퇴근
1,장동,4206.29,퇴근
1,수남동,35.28,새벽
1,원촌동,3712.2,새벽
1,용산동,2829.11,새벽
1,대동,7.89,퇴근
1,방동,548.1,퇴근
1,가정동,2730.37,저녁
1,가정동,25018.45,주간
1,수남동,247.75,출근
1,외삼동,451.84,퇴근
1,원촌동,2976.09,출근
1,용산동,3114.64,출근
1,구룡동,136.94,퇴근
1,방동,332.4,출근
1,봉명동,58756.69,저녁
1,봉명동,118073.26,주간
1,구성동,1653.6,새벽
1,외삼동,254.31,출근
1,탑립동,1165.42,저녁
1,탑립동,24062.02,주간
1,구룡동,179.98,출근
1,성북동,420.52,퇴근
1,장대동,44007.52,새벽
1,지족동,37791.19,저녁
1,지족동,79788.94,주간
1,전민동,9549.98,출근
1,봉명동,38392.53,새벽
1,덕진동,2781.13,저녁
1,덕진동,16730.76,주간
1,문지동,6618.17,저녁
1,문지동,23105.23,주간
1,탑립동,245.42,새벽
1,금탄동,22.49,출근
1,상대동,7255.64,출근
1,노은동,6253.37,출근
1,봉산동,11260.05,저녁
1,봉산동,21015.03,주간
1,신동,36.82,퇴근
1,학하동,3116.12,퇴근
1,장대동,90635.87,저녁
1,장대동,182714.25,주간
1,자운동,594.68,퇴근
1,구암동,8338.27,새벽
1,지족동,9312.3,출근
1,수남동,235.92,저녁
1,수남동,3078.46,주간
1,원촌동,7787.31,저녁
1,원촌동,25628.63,주간
1,용산동,6420.22,저녁
1,용산동,23189.65,주간
1,반석동,37656.88,저녁
1,반석동,70453.18,주간
1,전민동,19085.42,퇴근
1,관평동,27158.35,저녁
1,관평동,72112.78,주간
1,용계동,1246.39,퇴근
1,구암동,18018.22,저녁
1,구암동,38390.58,주간
1,장대동,25482.59,출근
1,방현동,177.71,퇴근
1,반석동,13273.27,새벽
1,관평동,11826.7,새벽
1,계산동,3624.46,새벽
1,구성동,3559.14,퇴근
1,구암동,9439.88,퇴근
1,복용동,8315.37,저녁
1,복용동,18382.5,주간
1,안산동,137.93,저녁
1,안산동,540.98,주간
1,송강동,33821.87,저녁
1,송강동,50424.2,주간
1,금탄동,20.4,새벽
1,화암동,223.42,퇴근
1,추목동,2978.98,새벽
1,신동,106.2,출근
1,교촌동,937.77,퇴근
1,학하동,6141.27,저녁
1,학하동,14422.51,주간
1,원신흥동,17063.27,새벽
1,어은동,9169.44,새벽
1,도룡동,4741.4,퇴근
1,화암동,347.78,출근
1,하기동,6689.05,퇴근
1,자운동,599.61,저녁
1,자운동,3100.62,주간
1,금고동,15.59,퇴근
1,둔곡동,25.49,새벽
1,교촌동,1676.56,저녁
1,교촌동,3788.44,주간
1,봉명동,16765.0,출근
1,덕명동,7417.53,새벽
1,복용동,3943.02,퇴근
1,도룡동,8531.21,저녁
1,도룡동,24319.06,주간
1,방현동,143.03,출근
1,하기동,14438.54,저녁
1,하기동,24065.51,주간
1,안산동,87.2,퇴근
1,탑립동,2736.87,출근
1,송강동,15621.41,퇴근
1,금고동,11.02,저녁
1,금고동,482.24,주간
1,대정동,6996.53,저녁
1,대정동,16186.25,주간
1,용계동,954.91,출근
1,세동,17.67,저녁
1,세동,158.24,주간
1,지족동,15585.47,새벽
1,죽동,2602.34,퇴근
1,지족동,21560.46,퇴근
1,반석동,8529.37,출근
1,관평동,8315.53,출근
1,덕명동,17728.69,저녁
1,덕명동,44120.91,주간
1,구성동,1741.94,출근
1,가정동,958.19,새벽
1,금탄동,27.28,퇴근
1,원신흥동,14208.82,퇴근
1,어은동,11628.38,퇴근
1,추목동,3086.51,출근
1,봉산동,5549.63,새벽
1,둔곡동,17.1,퇴근
1,대정동,3481.92,새벽
1,방동,899.4,저녁
1,방동,2589.23,주간
1,노은동,21845.74,저녁
1,노은동,44640.41,주간
1,외삼동,846.97,저녁
1,외삼동,2150.26,주간
1,구룡동,46.26,저녁
1,구룡동,1306.49,주간
1,상대동,15547.86,새벽
1,추목동,3294.9,저녁
1,추목동,18907.64,주간
1,원내동,16420.99,새벽
1,교촌동,395.75,출근
1,송정동,279.18,새벽
1,도룡동,3096.5,출근
1,하기동,3667.46,출근
1,신봉동,2889.3,새벽
1,금고동,137.57,출근
1,봉명동,33596.63,퇴근
1,가정동,2177.11,출근
1,화암동,80.84,저녁
1,화암동,4306.76,주간
1,탑립동,2302.11,퇴근
1,원내동,9178.72,출근
1,학하동,2769.17,새벽
1,성북동,867.69,저녁
1,성북동,1522.2,주간
1,송정동,161.34,출근
1,상대동,11545.65,퇴근
1,노은동,11301.03,퇴근
1,자운동,87.23,새벽
1,신봉동,1631.9,출근
1,교촌동,456.52,새벽
1,계산동,3878.76,퇴근
1,상대동,24648.08,저녁
1,상대동,42642.93,주간
1,도룡동,2831.2,새벽
1,덕진동,1844.66,출근
1,하기동,6375.49,새벽
1,문지동,2717.65,출근
1,금고동,88.05,새벽
1,덕명동,9254.71,퇴근
1,원신흥동,29003.71,저녁
1,원신흥동,56947.21,주간
1,어은동,19256.01,저녁
1,어은동,57861.2,주간
1,둔곡동,19.83,저녁
1,둔곡동,728.1,주간
1,갑동,854.95,저녁
1,갑동,2586.75,주간
1,죽동,1607.36,출근
1,궁동,28306.98,저녁
1,궁동,65327.85,주간
1,신성동,20983.24,저녁
1,신성동,44926.05,주간
1,장동,4182.13,저녁
1,장동,39871.86,주간
1,대동,11.54,저녁
1,대동,47.44,주간
1,복용동,2956.26,출근
1,덕진동,1314.7,새벽
1,안산동,67.1,출근
1,문지동,2809.96,새벽
1,송강동,7884.76,출근
1,용계동,1967.6,저녁
1,용계동,7829.54,주간
1,학하동,1936.93,출근
1,방현동,148.22,저녁
1,방현동,2091.35,주간
1,자운동,328.81,출근
1,전민동,14033.51,새벽
1,계산동,2025.8,출근
1,가정동,2682.86,퇴근
1,신동,2.68,저녁
1,신동,1046.34,주간
1,방동,353.98,새벽
1,갑동,235.96,출근
1,노은동,10097.97,새벽
1,궁동,7200.05,출근
1,신성동,6164.89,출근
1,장동,3901.48,출근
1,외삼동,256.02,새벽
1,반석동,20074.17,퇴근
1,관평동,17933.44,퇴근
1,대동,0.57,출근
1,금탄동,32.49,저녁
1,금탄동,185.37,주간
1,구룡동,11.18,새벽
1,죽동,2458.34,새벽
1,성북동,421.48,새벽
1,죽동,4593.95,저녁
1,죽동,13093.19,주간
1,추목동,2349.77,퇴근
2,원내동,16730.01,퇴근
2,교촌동,400.23,새벽
2,교촌동,3515.95,주간
2,대정동,3493.89,퇴근
2,상대동,13308.17,새벽
2,상대동,39126.09,주간
2,궁동,13941.83,새벽
2,궁동,59716.92,주간
2,가정동,2422.09,저녁
2,장동,1879.5,새벽
2,장동,33518.16,주간
2,하기동,5731.66,새벽
2,하기동,21970.52,주간
2,신봉동,2465.19,퇴근
2,원촌동,2648.22,출근
2,세동,19.01,저녁
2,어은동,10718.13,퇴근
2,구성동,3018.53,퇴근
2,도룡동,2627.72,출근
2,탑립동,2132.56,퇴근
2,구룡동,13.63,새벽
2,구룡동,1148.85,주간
2,봉명동,30396.57,퇴근
2,장대동,38857.65,새벽
2,장대동,163887.04,주간
2,갑동,226.36,출근
2,화암동,123.08,저녁
2,외삼동,772.47,저녁
2,장대동,43126.26,퇴근
2,갑동,172.6,새벽
2,갑동,2319.48,주간
2,방현동,132.41,저녁
2,추목동,3175.15,저녁
2,문지동,2372.72,출근
2,원내동,32284.26,저녁
2,대정동,6286.11,저녁
2,송정동,268.84,새벽
2,송정동,1456.44,주간
2,방동,330.93,새벽
2,방동,2461.48,주간
2,복용동,4127.05,새벽
2,복용동,16754.95,주간
2,신봉동,4873.52,저녁
2,안산동,14.43,새벽
2,안산동,486.01,주간
2,관평동,15833.86,퇴근
2,용계동,1261.36,퇴근
2,성북동,373.77,새벽
2,성북동,1440.02,주간
2,화암동,309.94,출근
2,덕진동,994.74,새벽
2,덕진동,13610.77,주간
2,수남동,18.29,새벽
2,수남동,2565.54,주간
2,외삼동,243.24,출근
2,문지동,6041.22,저녁
2,대동,7.66,퇴근
2,어은동,5445.21,출근
2,구성동,1509.95,출근
2,탑립동,2472.79,출근
2,도룡동,7655.8,저녁
2,반석동,7536.57,출근
2,계산동,3531.33,퇴근
2,덕명동,7208.86,새벽
2,덕명동,40631.06,주간
2,지족동,19324.98,퇴근
2,죽동,1328.18,출근
2,금고동,73.56,새벽
2,금고동,391.57,주간
2,신동,93.42,출근
2,세동,14.46,출근
2,봉명동,54324.68,저녁
2,반석동,11431.87,새벽
2,반석동,63340.06,주간
2,성북동,389.9,퇴근
2,화암동,39.98,새벽
2,화암동,3676.75,주간
2,덕진동,1695.23,퇴근
2,추목동,2639.64,출근
2,수남동,182.58,퇴근
2,외삼동,259.18,새벽
2,외삼동,1961.64,주간
2,원내동,8225.54,출근
2,대정동,1959.56,출근
2,구암동,16549.43,저녁
2,덕명동,8733.96,퇴근
2,노은동,10250.45,퇴근
2,죽동,1947.11,새벽
2,죽동,11560.14,주간
2,신봉동,1427.43,출근
2,금고동,9.41,퇴근
2,신동,1069.53,주간
2,둔곡동,17.05,저녁
2,용계동,885.26,출근
2,세동,0.03,새벽
2,세동,215.77,주간
2,장대동,82319.55,저녁
2,반석동,18081.57,퇴근
2,대동,1.14,출근
2,학하동,2245.6,새벽
2,학하동,13126.3,주간
2,원신흥동,14310.79,새벽
2,원신흥동,51423.74,주간
2,어은동,17969.17,저녁
2,구성동,3697.51,저녁
2,방현동,145.56,퇴근
2,추목동,2260.53,퇴근
2,탑립동,1127.58,저녁
2,원내동,14202.14,새벽
2,원내동,62246.3,주간
2,교촌동,364.75,출근
2,대정동,2805.5,새벽
2,대정동,14150.71,주간
2,상대동,6517.33,출근
2,죽동,2428.44,퇴근
2,궁동,6544.46,출근
2,장동,3315.12,출근
2,하기동,3342.05,출근
2,신봉동,2305.45,새벽
2,신봉동,10491.12,주간
2,신동,44.59,퇴근
2,구암동,8730.84,퇴근
2,가정동,1790.0,출근
2,둔곡동,16.02,퇴근
2,전민동,8238.22,출근
2,원촌동,4199.27,퇴근
2,봉산동,10249.13,저녁
2,송강동,30677.82,저녁
2,금탄동,27.13,저녁
2,교촌동,839.34,퇴근
2,상대동,10830.11,퇴근
2,궁동,15339.73,퇴근
2,장동,3678.35,퇴근
2,하기동,6096.62,퇴근
2,원촌동,3208.16,새벽
2,원촌동,22631.77,주간
2,용산동,5794.18,저녁
2,학하동,5737.65,저녁
2,원신흥동,26532.77,저녁
2,갑동,417.41,퇴근
2,문지동,2645.2,새벽
2,문지동,20336.09,주간
2,가정동,818.39,새벽
2,가정동,20554.58,주간
2,전민동,31734.73,저녁
2,용산동,2912.14,출근
2,신성동,19244.5,저녁
2,자운동,316.0,출근
2,전민동,11743.84,새벽
2,전민동,67675.25,주간
2,성북동,795.13,저녁
2,봉명동,33778.82,새벽
2,봉명동,108008.27,주간
2,장대동,22746.7,출근
2,도룡동,4301.86,퇴근
2,덕진동,2584.25,저녁
2,수남동,208.64,저녁
2,학하동,1694.67,출근
2,원신흥동,7623.02,출근
2,방현동,31.77,새벽
2,방현동,1900.71,주간
2,방현동,136.26,출근
2,화암동,216.83,퇴근
2,추목동,1327.47,새벽
2,추목동,16514.59,주간
2,외삼동,401.65,퇴근
2,어은동,8583.48,새벽
2,어은동,52303.57,주간
2,구성동,1428.83,새벽
2,구성동,22277.82,주간
2,반석동,34204.59,저녁
2,탑립동,297.16,새벽
2,탑립동,21231.59,주간
2,구룡동,156.02,출근
2,학하동,2929.25,퇴근
2,원신흥동,13067.62,퇴근
2,구룡동,33.41,저녁
2,계산동,3220.08,새벽
2,계산동,13132.39,주간
2,송정동,478.13,저녁
2,방동,823.82,저녁
2,덕명동,4614.21,출근
2,복용동,8205.75,저녁
2,노은동,8633.6,새벽
2,노은동,39463.7,주간
2,노은동,5275.77,출근
2,지족동,13871.75,새벽
2,지족동,71469.82,주간
2,자운동,568.03,퇴근
2,안산동,115.01,저녁
2,금고동,123.71,출근
2,교촌동,1527.1,저녁
2,송정동,340.27,퇴근
2,방동,487.98,퇴근
2,구암동,4569.68,출근
2,상대동,22987.6,저녁
2,복용동,3848.89,퇴근
2,궁동,26056.73,저녁
2,장동,3736.25,저녁
2,하기동,13220.43,저녁
2,안산동,75.64,퇴근
2,둔곡동,143.05,출근
2,용계동,1344.85,새벽
2,용계동,7667.83,주간
2,성북동,206.45,출근
2,세동,23.25,퇴근
2,갑동,767.52,저녁
2,덕진동,1564.47,출근
2,수남동,213.65,출근
2,대동,43.04,주간
2,계산동,7156.65,저녁
2,노은동,19805.18,저녁
2,지족동,34267.13,저녁
2,신성동,5400.58,출근
2,용산동,3560.27,퇴근
2,봉산동,4805.89,새벽
2,봉산동,18852.56,주간
2,봉산동,2799.65,출근
2,송강동,12808.01,새벽
2,송강동,45806.38,주간
2,금탄동,13.45,새벽
2,금탄동,166.94,주간
2,구암동,7416.68,새벽
2,구암동,34762.17,주간
2,원촌동,6799.37,저녁
2,둔곡동,21.07,새벽
2,둔곡동,705.8,주간
2,용계동,2095.21,저녁
2,봉명동,15135.98,출근
2,도룡동,2351.58,새벽
2,도룡동,21257.56,주간
2,대동,8.21,저녁
2,구룡동,103.99,퇴근
2,송정동,163.26,출근
2,방동,317.27,출근
2,복용동,2455.19,출근
2,죽동,4233.77,저녁
2,신성동,10208.0,퇴근
2,안산동,52.09,출근
2,관평동,10290.54,새벽
2,관평동,64158.09,주간
2,신동,1.3,저녁
2,덕명동,16374.95,저녁
2,신성동,8068.46,새벽
2,신성동,40058.32,주간
2,봉산동,5256.36,퇴근
2,관평동,7395.77,출근
2,송강동,14316.76,퇴근
2,금고동,4.52,저녁
2,금탄동,23.71,퇴근
2,계산동,1847.22,출근
2,지족동,8270.33,출근
2,자운동,81.28,새벽
2,자운동,2788.76,주간
2,전민동,17232.61,퇴근
2,관평동,24756.31,저녁
2,가정동,2261.04,퇴근
2,자운동,635.47,저녁
2,용산동,2512.45,새벽
2,용산동,21011.73,주간
2,송강동,7019.53,출근
2,금탄동,16.12,출근
2,문지동,3539.97,퇴근
3,교촌동,461.62,출근
3,대정동,7345.25,저녁
3,송정동,565.35,저녁
3,방동,303.12,새벽
3,복용동,9531.31,저녁
3,장동,4997.74,출근
3,안산동,93.42,저녁
3,외삼동,236.41,새벽
3,봉명동,122636.54,주간
3,원신흥동,59213.35,주간
3,어은동,23993.89,저녁
3,화암동,427.68,출근
3,수남동,3086.3,주간
3,방동,540.27,퇴근
3,신성동,22957.0,저녁
3,구성동,2316.35,출근
3,도룡동,2980.41,새벽
3,방현동,385.94,출근
3,덕진동,1827.57,출근
3,추목동,3748.21,저녁
3,문지동,3146.52,출근
3,탑립동,2955.01,출근
3,세동,19.29,저녁
3,장대동,92658.09,저녁
3,어은동,14258.47,퇴근
3,화암동,5093.44,주간
3,세동,22.55,출근
3,장대동,27108.69,출근
3,갑동,490.44,퇴근
3,어은동,69896.43,주간
3,구성동,3108.95,새벽
3,덕진동,1129.19,새벽
3,문지동,3244.24,새벽
3,탑립동,267.88,새벽
3,교촌동,1019.16,퇴근
3,구암동,39692.04,주간
3,장동,5036.26,퇴근
3,죽동,2262.57,새벽
3,자운동,435.65,새벽
3,용산동,25073.7,주간
3,송강동,8192.72,출근
3,금탄동,19.97,출근
3,둔곡동,845.63,주간
3,봉명동,34841.8,퇴근
3,원신흥동,15029.28,퇴근
3,화암동,154.42,저녁
3,추목동,3215.27,출근
3,수남동,199.83,퇴근
3,대정동,2535.08,출근
3,송정동,203.72,출근
3,덕명동,12206.3,퇴근
3,복용동,3101.33,출근
3,죽동,5044.7,저녁
3,자운동,1149.44,저녁
3,안산동,76.53,출근
3,학하동,14867.27,주간
3,성북동,1713.98,주간
3,어은동,17214.41,새벽
3,도룡동,5121.65,퇴근
3,반석동,70097.19,주간
3,대동,10.81,퇴근
3,구룡동,202.31,출근
3,원내동,15424.27,새벽
3,방동,827.1,저녁
3,송강동,50820.71,주간
3,금탄동,177.07,주간
3,갑동,239.3,새벽
3,도룡동,27091.69,주간
3,대동,58.24,주간
3,덕명동,12702.72,새벽
3,궁동,86804.74,주간
3,용산동,3676.55,출근
3,송강동,15966.79,퇴근
3,금탄동,24.93,퇴근
3,둔곡동,172.62,출근
3,원내동,35499.0,저녁
3,대정동,17105.16,주간
3,송정동,1770.64,주간
3,덕명동,6995.24,출근
3,복용동,19773.19,주간
3,지족동,15454.76,새벽
3,죽동,3044.51,퇴근
3,자운동,922.09,퇴근
3,안산동,475.97,주간
3,봉산동,5497.12,새벽
3,세동,258.64,주간
3,장대동,185597.21,주간
3,갑동,269.79,출근
3,외삼동,828.28,저녁
3,용계동,3653.34,저녁
3,갑동,2733.94,주간
3,방현동,215.61,저녁
3,추목동,1922.68,새벽
3,외삼동,457.12,퇴근
3,구암동,9884.49,퇴근
3,상대동,7911.6,출근
3,노은동,6790.16,출근
3,지족동,80973.13,주간
3,가정동,2299.87,출근
3,하기동,4593.84,출근
3,전민동,10006.8,출근
3,봉산동,21042.11,주간
3,송강동,14572.65,새벽
3,금고동,157.42,출근
3,금탄동,10.58,새벽
3,구암동,18355.6,저녁
3,상대동,12088.9,퇴근
3,노은동,11568.16,퇴근
3,지족동,10334.47,출근
3,가정동,2706.27,퇴근
3,하기동,7398.72,퇴근
3,전민동,19646.46,퇴근
3,용산동,2915.41,새벽
3,금고동,17.14,퇴근
3,둔곡동,28.14,새벽
3,학하동,2591.98,새벽
3,성북동,329.72,새벽
3,구성동,5040.79,저녁
3,덕진동,2717.02,저녁
3,반석동,12362.88,새벽
3,문지동,6761.64,저녁
3,탑립동,1228.43,저녁
3,세동,29.0,퇴근
3,장대동,48958.52,퇴근
3,갑동,895.11,저녁
3,어은동,8508.64,출근
3,방동,368.73,출근
3,신성동,12474.34,퇴근
3,원촌동,3124.43,새벽
3,관평동,12124.3,새벽
3,세동,5.04,새벽
3,장대동,44273.84,새벽
3,도룡동,3695.07,출근
3,대동,1.5,출근
3,구룡동,1461.39,주간
3,계산동,4179.97,새벽
3,방동,2862.55,주간
3,노은동,10069.11,새벽
3,지족동,38752.24,저녁
3,신성동,7185.12,출근
3,신봉동,3482.0,새벽
3,봉산동,11393.63,저녁
3,용계동,12606.44,주간
3,학하동,2011.64,출근
3,성북동,245.2,출근
3,도룡동,8870.68,저녁
3,방현동,3407.01,주간
3,반석동,9066.32,출근
3,대동,10.49,저녁
3,구룡동,120.22,퇴근
3,봉명동,17907.78,출근
3,원신흥동,9256.78,출근
3,화암동,287.54,퇴근
3,추목동,20178.89,주간
3,수남동,272.69,출근
3,구성동,4101.89,퇴근
3,덕진동,1840.36,퇴근
3,문지동,4059.74,퇴근
3,탑립동,2436.0,퇴근
3,구룡동,13.31,새벽
3,용계동,2102.88,퇴근
3,학하동,6353.53,저녁
3,성북동,858.56,저녁
3,봉명동,40187.7,새벽
3,원신흥동,17094.92,새벽
3,방현동,310.04,퇴근
3,수남동,36.81,새벽
3,외삼동,267.44,출근
3,반석동,38334.48,저녁
3,원내동,69979.29,주간
3,계산동,8332.64,저녁
3,노은동,22249.74,저녁
3,신봉동,5998.98,저녁
3,원촌동,4616.03,퇴근
3,봉산동,3266.06,출근
3,관평동,18036.47,퇴근
3,신동,32.77,퇴근
3,용계동,3572.53,새벽
3,방현동,106.77,새벽
3,상대동,25256.5,저녁
3,지족동,21849.46,퇴근
3,궁동,25821.24,새벽
3,신성동,50918.6,주간
3,가정동,2950.56,저녁
3,하기동,15477.12,저녁
3,전민동,35748.46,저녁
3,봉산동,5841.33,퇴근
3,금고동,5.94,저녁
3,원내동,9824.04,출근
3,구암동,8510.68,새벽
3,죽동,16213.34,주간
3,자운동,4361.81,주간
3,원촌동,7398.14,저녁
3,관평동,29100.64,저녁
3,신동,1.25,저녁
3,봉명동,64767.9,저녁
3,원신흥동,29770.02,저녁
3,구성동,29682.3,주간
3,덕진동,16147.65,주간
3,추목동,2702.11,퇴근
3,수남동,244.3,저녁
3,문지동,24536.03,주간
3,탑립동,25061.19,주간
3,교촌동,4143.33,주간
3,대정동,4148.02,퇴근
3,송정동,424.97,퇴근
3,덕명동,21780.44,저녁
3,복용동,4663.62,퇴근
3,신성동,11241.43,새벽
3,장동,46032.96,주간
3,안산동,63.65,퇴근
3,대정동,4133.18,새벽
3,계산동,15401.41,주간
3,송정동,309.3,새벽
3,복용동,5184.84,새벽
3,노은동,46148.22,주간
3,궁동,10784.12,출근
3,신봉동,13079.06,주간
3,안산동,16.63,새벽
3,용산동,4190.85,퇴근
3,송강동,34016.46,저녁
3,금탄동,24.21,저녁
3,둔곡동,22.61,퇴근
3,용계동,1665.63,출근
3,학하동,3307.3,퇴근
3,성북동,429.66,퇴근
3,화암동,78.13,새벽
3,외삼동,2138.27,주간
3,반석동,20378.03,퇴근
3,구룡동,31.81,저녁
3,계산동,2389.28,출근
3,궁동,21688.91,퇴근
3,신봉동,1975.87,출근
3,원촌동,24968.77,주간
3,용산동,6539.7,저녁
3,관평동,74995.72,주간
3,신동,754.33,주간
3,둔곡동,17.75,저녁
3,원내동,18646.84,퇴근
3,덕명동,60481.45,주간
3,상대동,14608.42,새벽
3,죽동,1875.89,출근
3,가정동,1308.37,새벽
3,하기동,7640.33,새벽
3,자운동,517.89,출근
3,전민동,13633.12,새벽
3,금고동,93.05,새벽
3,교촌동,1826.01,저녁
3,구암동,5554.4,출근
3,상대동,44383.81,주간
3,가정동,24688.54,주간
3,장동,5819.82,저녁
3,하기동,29301.49,주간
3,전민동,78684.0,주간
3,금고동,618.76,주간
3,교촌동,577.42,새벽
3,계산동,4134.12,퇴근
3,궁동,37677.23,저녁
3,장동,4419.65,새벽
3,신봉동,3097.39,퇴근
3,원촌동,2797.45,출근
3,관평동,9258.77,출근
3,신동,71.25,출근
4,용계동,2623.16,새벽
4,방현동,492.11,새벽
4,원내동,35556.39,저녁
4,대정동,17991.87,주간
4,송정동,2030.53,주간
4,덕명동,6444.09,출근
4,복용동,19837.25,주간
4,지족동,16291.49,새벽
4,죽동,3143.85,퇴근
4,자운동,949.77,퇴근
4,안산동,492.49,주간
4,봉산동,7015.44,새벽
4,구성동,4567.75,퇴근
4,덕진동,1739.46,퇴근
4,문지동,4251.77,퇴근
4,탑립동,2523.34,퇴근
4,구룡동,12.77,새벽
4,세동,288.6,주간
4,장대동,180250.62,주간
4,갑동,279.3,출근
4,외삼동,997.28,저녁
4,교촌동,515.24,출근
4,대정동,7409.98,저녁
4,송정동,624.45,저녁
4,방동,271.16,새벽
4,복용동,9967.65,저녁
4,장동,4592.56,출근
4,안산동,63.73,저녁
4,봉명동,35596.35,퇴근
4,원신흥동,14380.95,퇴근
4,화암동,123.9,저녁
4,추목동,3850.3,출근
4,수남동,178.47,퇴근
4,봉명동,18070.39,출근
4,원신흥동,9337.18,출근
4,화암동,344.0,퇴근
4,추목동,23094.15,주간
4,수남동,278.4,출근
4,교촌동,1989.67,저녁
4,구암동,5704.8,출근
4,상대동,42723.67,주간
4,가정동,26427.76,주간
4,장동,5338.12,저녁
4,하기동,29066.13,주간
4,전민동,79608.86,주간
4,금고동,674.87,주간
4,용계동,1630.0,출근
4,학하동,3325.86,퇴근
4,성북동,464.81,퇴근
4,화암동,21.99,새벽
4,외삼동,2606.15,주간
4,반석동,20472.85,퇴근
4,구룡동,20.17,저녁
4,용계동,2358.16,퇴근
4,학하동,6393.74,저녁
4,성북동,900.49,저녁
4,봉명동,40725.27,새벽
4,원신흥동,17082.02,새벽
4,방현동,555.39,퇴근
4,수남동,24.11,새벽
4,외삼동,369.72,출근
4,반석동,38885.32,저녁
4,용계동,13482.73,주간
4,학하동,2274.36,출근
4,성북동,275.26,출근
4,도룡동,9519.1,저녁
4,방현동,4164.46,주간
4,반석동,9314.42,출근
4,대동,6.41,저녁
4,구룡동,119.97,퇴근
4,세동,23.26,출근
4,장대동,27072.8,출근
4,갑동,558.94,퇴근
4,어은동,69020.82,주간
4,구성동,2075.43,새벽
4,덕진동,1048.74,새벽
4,문지동,3305.72,새벽
4,탑립동,267.91,새벽
4,교촌동,1116.15,퇴근
4,구암동,39897.37,주간
4,장동,4827.04,퇴근
4,원내동,69792.86,주간
4,계산동,8087.73,저녁
4,노은동,23070.5,저녁
4,신봉동,5646.16,저녁
4,원촌동,5060.48,퇴근
4,봉산동,3832.12,출근
4,관평동,18754.14,퇴근
4,신동,3.53,퇴근
4,죽동,1945.68,새벽
4,자운동,129.42,새벽
4,용산동,25662.19,주간
4,송강동,8297.41,출근
4,금탄동,24.01,출근
4,둔곡동,1017.82,주간
4,구암동,17871.54,저녁
4,상대동,11538.18,퇴근
4,노은동,11876.61,퇴근
4,지족동,10959.84,출근
4,가정동,2769.24,퇴근
4,하기동,7544.63,퇴근
4,전민동,19658.58,퇴근
4,용산동,2757.86,새벽
4,금고동,30.12,퇴근
4,둔곡동,47.35,새벽
4,교촌동,695.54,새벽
4,계산동,4030.91,퇴근
4,궁동,39804.09,저녁
4,장동,1994.88,새벽
4,신봉동,2829.29,퇴근
4,원촌동,3160.12,출근
4,관평동,9611.4,출근
4,신동,23.15,출근
4,원내동,15665.04,새벽
4,방동,798.64,저녁
4,송강동,48648.8,주간
4,금탄동,216.57,주간
4,갑동,180.09,새벽
4,도룡동,29184.75,주간
4,대동,60.32,주간
4,교촌동,4411.85,주간
4,대정동,4227.81,퇴근
4,송정동,479.86,퇴근
4,덕명동,22275.0,저녁
4,복용동,4752.48,퇴근
4,신성동,8945.15,새벽
4,장동,45399.3,주간
4,안산동,64.52,퇴근
4,상대동,24722.66,저녁
4,지족동,22162.66,퇴근
4,궁동,17946.67,새벽
4,신성동,50821.93,주간
4,가정동,2897.04,저녁
4,하기동,15905.89,저녁
4,전민동,35957.53,저녁
4,봉산동,6218.52,퇴근
4,금고동,21.59,저녁
4,대정동,2657.24,출근
4,송정동,221.48,출근
4,덕명동,12728.82,퇴근
4,복용동,3202.9,출근
4,죽동,5120.27,저녁
4,자운동,1157.59,저녁
4,안산동,41.09,출근
4,원내동,10321.84,출근
4,구암동,8137.86,새벽
4,죽동,17067.31,주간
4,자운동,4508.02,주간
4,원촌동,7636.94,저녁
4,관평동,30766.41,저녁
4,덕명동,9544.88,새벽
4,궁동,87669.41,주간
4,용산동,3743.53,출근
4,송강동,15364.07,퇴근
4,금탄동,31.28,퇴근
4,둔곡동,208.2,출근
4,용계동,4231.49,저녁
4,갑동,3780.07,주간
4,방현동,517.06,저녁
4,추목동,3063.78,새벽
4,외삼동,542.02,퇴근
4,세동,4.8100000000000005,새벽
4,장대동,40681.41,새벽
4,도룡동,4028.72,출근
4,대동,2.85,출근
4,구룡동,1598.45,주간
4,세동,26.84,퇴근
4,장대동,47732.22,퇴근
4,갑동,887.56,저녁
4,어은동,6758.14,출근
4,계산동,2292.17,출근
4,궁동,22509.14,퇴근
4,신봉동,1872.1,출근
4,원촌동,27323.03,주간
4,용산동,6630.35,저녁
4,관평동,76499.49,주간
4,신동,397.53,주간
4,둔곡동,23.97,저녁
4,대정동,3702.65,새벽
4,계산동,15085.53,주간
4,송정동,268.87,새벽
4,복용동,5004.13,새벽
4,노은동,46366.75,주간
4,궁동,8637.46,출근
4,신봉동,12301.81,주간
4,안산동,13.25,새벽
4,용산동,4364.16,퇴근
4,송강동,33226.75,저녁
4,금탄동,28.83,저녁
4,둔곡동,27.76,퇴근
4,방동,587.81,퇴근
4,신성동,22668.35,저녁
4,계산동,3516.0,새벽
4,방동,3407.09,주간
4,노은동,10871.08,새벽
4,지족동,40150.99,저녁
4,신성동,6853.96,출근
4,신봉동,3055.78,새벽
4,봉산동,12258.39,저녁
4,봉명동,121605.37,주간
4,원신흥동,57723.81,주간
4,어은동,24053.31,저녁
4,화암동,457.35,출근
4,수남동,3351.37,주간
4,외삼동,495.91,새벽
4,학하동,15609.01,주간
4,성북동,1906.91,주간
4,어은동,9812.06,새벽
4,도룡동,5533.47,퇴근
4,반석동,69457.95,주간
4,대동,10.18,퇴근
4,구룡동,205.71,출근
4,원내동,18549.25,퇴근
4,덕명동,62671.98,주간
4,상대동,14042.0,새벽
4,죽동,1893.88,출근
4,가정동,992.7,새벽
4,하기동,7293.76,새벽
4,자운동,495.63,출근
4,전민동,13768.58,새벽
4,금고동,110.24,새벽
4,학하동,2729.62,새벽
4,성북동,442.21,새벽
4,구성동,5497.43,저녁
4,덕진동,2553.46,저녁
4,반석동,12501.34,새벽
4,문지동,7010.81,저녁
4,탑립동,1275.45,저녁
4,구암동,9795.09,퇴근
4,상대동,7965.13,출근
4,노은동,7220.13,출근
4,지족동,81676.91,주간
4,가정동,2356.9,출근
4,하기동,4683.98,출근
4,전민동,10679.44,출근
4,봉산동,22757.38,주간
4,송강동,14503.68,새벽
4,금고동,152.85,출근
4,금탄동,20.41,새벽
4,세동,21.8,저녁
4,장대동,91104.32,저녁
4,어은동,14436.18,퇴근
4,화암동,5545.09,주간
4,봉명동,68723.56,저녁
4,원신흥동,28890.12,저녁
4,구성동,32299.94,주간
4,덕진동,16816.14,주간
4,추목동,3138.9,퇴근
4,수남동,184.07,저녁
4,문지동,26333.71,주간
4,탑립동,26214.28,주간
4,구성동,2170.08,출근
4,도룡동,3372.01,새벽
4,방현동,504.56,출근
4,덕진동,1885.71,출근
4,추목동,4169.08,저녁
4,문지동,3353.45,출근
4,탑립동,3115.27,출근
4,대동,0.03,새벽
4,방동,446.15,출근
4,신성동,12339.9,퇴근
4,원촌동,3329.32,새벽
4,관평동,12288.07,새벽
5,계산동,8087.23,저녁
5,상대동,11222.73,퇴근
5,장대동,179882.23,주간
5,원촌동,3464.54,새벽
5,학하동,15256.5,주간
5,지족동,16492.48,새벽
5,신성동,8955.55,새벽
5,도룡동,5902.69,퇴근
5,방현동,221.08,저녁
5,용산동,2930.26,새벽
5,금고동,183.09,출근
5,용계동,2544.24,퇴근
5,지족동,40626.0,저녁
5,궁동,19710.53,새벽
5,신성동,22636.4,저녁
5,추목동,3536.12,출근
5,용산동,6777.94,저녁
5,관평동,75553.48,주간
5,계산동,2323.87,출근
5,죽동,1895.72,새벽
5,어은동,67300.16,주간
5,장동,1880.57,새벽
5,수남동,3135.79,주간
5,관평동,18909.45,퇴근
5,원내동,15712.27,새벽
5,봉명동,18377.65,출근
5,상대동,41726.42,주간
5,갑동,302.79,출근
5,구성동,4612.86,퇴근
5,추목동,3720.57,저녁
5,외삼동,440.35,새벽
5,교촌동,4640.24,주간
5,상대동,7850.24,출근
5,반석동,12451.87,새벽
5,원촌동,5467.4,퇴근
5,탑립동,439.07,새벽
5,관평동,31057.88,저녁
5,학하동,2189.44,출근
5,대정동,4416.24,퇴근
5,성북동,1960.24,주간
5,송정동,277.89,새벽
5,방동,664.98,퇴근
5,봉명동,69720.31,저녁
5,갑동,887.43,저녁
5,안산동,108.27,퇴근
5,용계동,2286.67,새벽
5,계산동,15120.75,주간
5,도룡동,10208.95,저녁
5,추목동,2804.48,퇴근
5,세동,233.99,주간
5,원신흥동,57403.58,주간
5,죽동,5359.51,저녁
5,장동,5040.89,저녁
5,반석동,20289.95,퇴근
5,원촌동,3341.95,출근
5,탑립동,2578.34,퇴근
5,봉명동,123815.74,주간
5,덕명동,9326.28,새벽
5,장대동,90322.7,저녁
5,갑동,4272.35,주간
5,노은동,10376.55,새벽
5,노은동,11986.59,퇴근
5,가정동,2881.08,퇴근
5,금탄동,11.75,새벽
5,성북동,924.94,저녁
5,지족동,22243.56,퇴근
5,신성동,12372.44,퇴근
5,도룡동,4117.55,출근
5,하기동,6860.96,새벽
5,용산동,4417.84,퇴근
5,세동,17.23,출근
5,봉명동,43273.46,새벽
5,원신흥동,9046.4,출근
5,복용동,9799.18,저녁
5,갑동,248.22,새벽
5,궁동,87996.02,주간
5,전민동,35178.75,저녁
5,구암동,8345.29,새벽
5,지족동,11142.7,출근
5,신성동,6852.71,출근
5,하기동,7652.82,퇴근
5,용산동,3832.05,출근
5,송강동,14605.61,새벽
5,계산동,3568.66,새벽
5,구암동,9946.12,퇴근
5,하기동,4713.64,출근
5,문지동,7062.32,저녁
5,봉산동,23015.62,주간
5,송강동,15057.5,퇴근
5,대동,75.71,주간
5,둔곡동,35.87,저녁
5,구룡동,1569.28,주간
5,용계동,1752.95,출근
5,죽동,18699.98,주간
5,궁동,21907.66,퇴근
5,장동,43798.81,주간
5,하기동,16104.46,저녁
5,가정동,1008.98,새벽
5,반석동,9241.92,출근
5,탑립동,3101.2,출근
5,원내동,10264.53,출근
5,성북동,467.07,새벽
5,궁동,39654.82,저녁
5,방현동,270.86,출근
5,방현동,253.15,퇴근
5,외삼동,372.07,출근
5,반석동,68588.71,주간
5,탑립동,25667.18,주간
5,어은동,13998.7,퇴근
5,도룡동,30796.03,주간
5,화암동,25.86,새벽
5,덕진동,1991.52,출근
5,자운동,248.35,새벽
5,신봉동,2904.7,새벽
5,수남동,154.47,퇴근
5,원내동,35152.32,저녁
5,송정동,247.57,출근
5,도룡동,3283.89,새벽
5,외삼동,1066.76,저녁
5,문지동,26470.3,주간
5,금고동,31.01,퇴근
5,둔곡동,1190.22,주간
5,송정동,1990.76,주간
5,덕명동,21826.11,저녁
5,노은동,23152.95,저녁
5,덕진동,990.36,새벽
5,봉산동,4025.82,출근
5,봉산동,6621.36,퇴근
5,대동,16.1,퇴근
5,금탄동,22.31,저녁
5,구룡동,98.88,퇴근
5,대정동,7685.31,저녁
5,방동,862.4,저녁
5,복용동,4686.41,새벽
5,지족동,82025.23,주간
5,어은동,6775.96,출근
5,신성동,50660.47,주간
5,화암동,442.97,퇴근
5,자운동,928.78,퇴근
5,신봉동,2642.04,퇴근
5,수남동,243.41,출근
5,안산동,142.01,저녁
5,전민동,13937.38,새벽
5,용산동,25651.24,주간
5,학하동,6115.98,저녁
5,계산동,4034.33,퇴근
5,구암동,5824.14,출근
5,덕진동,16660.75,주간
5,관평동,12724.6,새벽
5,송강동,8284.78,출근
5,구암동,17905.17,저녁
5,상대동,14314.66,새벽
5,궁동,8869.45,출근
5,송강동,32688.28,저녁
5,학하동,2533.9,새벽
5,덕명동,63008.24,주간
5,노은동,46256.18,주간
5,문지동,4339.13,퇴근
5,원촌동,7970.46,저녁
5,금탄동,191.49,주간
5,신동,28.72,출근
5,둔곡동,47.11,퇴근
5,원내동,68840.72,주간
5,세동,17.43,저녁
5,덕명동,6411.33,출근
5,원신흥동,28800.26,저녁
5,외삼동,2608.59,주간
5,금탄동,23.03,출근
5,원내동,18322.84,퇴근
5,용계동,4475.39,저녁
5,구성동,2201.18,출근
5,방현동,72.63,새벽
5,외삼동,553.55,퇴근
5,원촌동,29318.3,주간
5,교촌동,2112.77,저녁
5,덕명동,12610.46,퇴근
5,노은동,7246.0,출근
5,구성동,32121.13,주간
5,가정동,2415.26,출근
5,금탄동,22.91,퇴근
5,성북동,479.81,퇴근
5,성북동,285.96,출근
5,상대동,24245.25,저녁
5,가정동,26865.5,주간
5,문지동,3210.41,새벽
5,신동,3.17,퇴근
5,둔곡동,57.1,새벽
5,교촌동,1201.54,퇴근
5,세동,5.65,새벽
5,원신흥동,15531.21,새벽
5,장대동,27327.42,출근
5,어은동,23671.44,저녁
5,추목동,21835.67,주간
5,수남동,146.48,저녁
5,학하동,3224.07,퇴근
5,반석동,38838.38,저녁
5,문지동,3387.25,출근
5,탑립동,1342.98,저녁
5,둔곡동,245.18,출근
5,교촌동,552.62,출근
5,용계동,14417.16,주간
5,세동,25.48,퇴근
5,원신흥동,14321.86,퇴근
5,화암동,134.02,저녁
5,자운동,1108.94,저녁
5,신봉동,5399.9,저녁
5,봉명동,36206.06,퇴근
5,갑동,585.4,퇴근
5,구성동,1970.42,새벽
5,교촌동,746.97,새벽
5,장대동,47257.33,퇴근
5,덕진동,2346.71,저녁
5,대정동,18915.06,주간
5,방동,3770.42,주간
5,가정동,3009.43,저녁
5,안산동,697.61,주간
5,봉산동,7947.47,새벽
5,대동,7.12,새벽
5,구룡동,17.3,새벽
5,대정동,2815.1,출근
5,송정동,520.71,퇴근
5,방동,489.73,출근
5,구성동,5838.61,저녁
5,안산동,111.45,출근
5,금고동,107.15,새벽
5,신동,405.76,주간
5,대정동,3493.71,새벽
5,방동,275.2,새벽
5,방현동,3076.78,주간
5,안산동,44.47,새벽
5,어은동,9876.43,새벽
5,덕진동,1611.46,퇴근
5,수남동,20.03,새벽
5,금고동,637.91,주간
5,대동,8.39,출근
5,구룡동,227.95,출근
5,구암동,40400.51,주간
5,복용동,3033.79,출근
5,추목동,1928.17,새벽
5,전민동,10632.18,출근
5,송강동,48145.17,주간
5,금고동,16.58,저녁
5,송정동,635.13,저녁
5,복용동,4651.48,퇴근
5,화암동,529.9,출근
5,하기동,29306.71,주간
5,자운동,485.57,출근
5,신봉동,1824.05,출근
5,전민동,19233.0,퇴근
5,죽동,3438.71,퇴근
5,장동,4508.66,퇴근
5,화암동,6255.02,주간
5,자운동,4522.6,주간
5,신봉동,11298.68,주간
5,관평동,9558.18,출근
5,복용동,18819.44,주간
5,장대동,42753.21,새벽
5,죽동,2014.95,출근
5,장동,4407.96,출근
5,전민동,79159.93,주간
5,봉산동,13365.85,저녁
5,대동,14.35,저녁
5,구룡동,15.05,저녁
6,원내동,15463.08,새벽
6,원내동,35079.16,저녁
6,원내동,68637.74,주간
6,원내동,10085.08,출근
6,원내동,18232.14,퇴근
6,교촌동,689.31,새벽
6,교촌동,2087.79,저녁
6,교촌동,4480.88,주간
6,교촌동,545.64,출근
6,교촌동,1173.02,퇴근
6,대정동,3765.15,새벽
6,대정동,7871.44,저녁
6,대정동,18553.67,주간
6,대정동,2927.5,출근
6,대정동,4373.56,퇴근
6,용계동,2199.12,새벽
6,용계동,4426.46,저녁
6,용계동,13631.35,주간
6,용계동,1700.08,출근
6,용계동,2440.36,퇴근
6,학하동,2679.77,새벽
6,학하동,6115.93,저녁
6,학하동,15196.42,주간
6,학하동,2198.0,출근
6,학하동,3171.18,퇴근
6,계산동,3751.19,새벽
6,계산동,8217.3,저녁
6,계산동,15432.37,주간
6,계산동,2390.92,출근
6,계산동,4092.12,퇴근
6,성북동,423.5,새벽
6,성북동,913.07,저녁
6,성북동,1851.3,주간
6,성북동,281.08,출근
6,성북동,470.55,퇴근
6,세동,8.77,새벽
6,세동,18.18,저녁
6,세동,195.42,주간
6,세동,21.89,출근
6,세동,22.95,퇴근
6,송정동,274.07,새벽
6,송정동,562.57,저녁
6,송정동,1761.77,주간
6,송정동,211.49,출근
6,송정동,464.7,퇴근
6,방동,237.86,새벽
6,방동,691.99,저녁
6,방동,3102.08,주간
6,방동,411.55,출근
6,방동,561.13,퇴근
6,봉명동,46289.21,새벽
6,봉명동,70680.85,저녁
6,봉명동,125269.2,주간
6,봉명동,19132.13,출근
6,봉명동,36289.32,퇴근
6,구암동,8538.56,새벽
6,구암동,18012.83,저녁
6,구암동,40338.88,주간
6,구암동,5918.71,출근
6,구암동,9953.62,퇴근
6,덕명동,10406.37,새벽
6,덕명동,21353.1,저녁
6,덕명동,58886.88,주간
6,덕명동,6848.92,출근
6,덕명동,12143.1,퇴근
6,원신흥동,15970.14,새벽
6,원신흥동,28895.73,저녁
6,원신흥동,57585.56,주간
6,원신흥동,9219.47,출근
6,원신흥동,14383.25,퇴근
6,상대동,14572.08,새벽
6,상대동,24560.81,저녁
6,상대동,42898.62,주간
6,상대동,7990.14,출근
6,상대동,11419.84,퇴근
6,복용동,4391.5,새벽
6,복용동,9283.5,저녁
6,복용동,17571.02,주간
6,복용동,2934.06,출근
6,복용동,4295.47,퇴근
6,장대동,43230.55,새벽
6,장대동,90491.13,저녁
6,장대동,185567.14,주간
6,장대동,27139.72,출근
6,장대동,48312.26,퇴근
6,갑동,249.93,새벽
6,갑동,916.48,저녁
6,갑동,4271.43,주간
6,갑동,337.93,출근
6,갑동,609.95,퇴근
6,노은동,10608.82,새벽
6,노은동,25279.63,저녁
6,노은동,46975.77,주간
6,노은동,7345.91,출근
6,노은동,13403.73,퇴근
6,지족동,16819.28,새벽
6,지족동,41193.29,저녁
6,지족동,83163.51,주간
6,지족동,11317.04,출근
6,지족동,22635.56,퇴근
6,죽동,1869.49,새벽
6,죽동,5075.57,저녁
6,죽동,15814.67,주간
6,죽동,1885.58,출근
6,죽동,3011.53,퇴근
6,궁동,19708.91,새벽
6,궁동,37784.3,저녁
6,궁동,82930.75,주간
6,궁동,8795.22,출근
6,궁동,20935.76,퇴근
6,어은동,9971.93,새벽
6,어은동,22748.48,저녁
6,어은동,64650.67,주간
6,어은동,6743.39,출근
6,어은동,13349.32,퇴근
6,구성동,1893.32,새벽
6,구성동,5332.7,저녁
6,구성동,29778.02,주간
6,구성동,2098.12,출근
6,구성동,4254.91,퇴근
6,신성동,8931.02,새벽
6,신성동,22571.05,저녁
6,신성동,50378.71,주간
6,신성동,6824.85,출근
6,신성동,12337.57,퇴근
6,가정동,1023.06,새벽
6,가정동,2864.43,저녁
6,가정동,25975.62,주간
6,가정동,2425.94,출근
6,가정동,2802.74,퇴근
6,도룡동,3364.93,새벽
6,도룡동,10426.88,저녁
6,도룡동,30549.53,주간
6,도룡동,4233.39,출근
6,도룡동,6059.29,퇴근
6,장동,2034.03,새벽
6,장동,4863.01,저녁
6,장동,41812.92,주간
6,장동,4369.6,출근
6,장동,4354.76,퇴근
6,방현동,52.33,새벽
6,방현동,174.58,저녁
6,방현동,2200.55,주간
6,방현동,169.08,출근
6,방현동,199.3,퇴근
6,화암동,16.69,새벽
6,화암동,127.67,저녁
6,화암동,5822.83,주간
6,화암동,502.33,출근
6,화암동,429.06,퇴근
6,덕진동,945.37,새벽
6,덕진동,2266.22,저녁
6,덕진동,16788.33,주간
6,덕진동,2047.33,출근
6,덕진동,1579.1,퇴근
6,하기동,6815.49,새벽
6,하기동,15801.57,저녁
6,하기동,27823.23,주간
6,하기동,4600.81,출근
6,하기동,7392.14,퇴근
6,추목동,1469.67,새벽
6,추목동,3667.0,저녁
6,추목동,21171.75,주간
6,추목동,3447.05,출근
6,추목동,2736.06,퇴근
6,자운동,217.28,새벽
6,자운동,1134.66,저녁
6,자운동,4537.35,주간
6,자운동,502.67,출근
6,자운동,902.32,퇴근
6,신봉동,2477.54,새벽
6,신봉동,5240.61,저녁
6,신봉동,11362.42,주간
6,신봉동,1757.08,출근
6,신봉동,2534.05,퇴근
6,수남동,37.94,새벽
6,수남동,179.3,저녁
6,수남동,3058.77,주간
6,수남동,261.51,출근
6,수남동,153.08,퇴근
6,안산동,27.41,새벽
6,안산동,128.47,저녁
6,안산동,653.92,주간
6,안산동,99.44,출근
6,안산동,102.42,퇴근
6,외삼동,291.65,새벽
6,외삼동,1051.14,저녁
6,외삼동,2572.27,주간
6,외삼동,357.01,출근
6,외삼동,549.3,퇴근
6,반석동,12421.63,새벽
6,반석동,39215.58,저녁
6,반석동,70048.76,주간
6,반석동,9406.27,출근
6,반석동,20553.57,퇴근
6,문지동,3113.3,새벽
6,문지동,6981.0,저녁
6,문지동,26387.25,주간
6,문지동,3405.16,출근
6,문지동,4245.68,퇴근
6,전민동,14302.62,새벽
6,전민동,35462.94,저녁
6,전민동,79547.43,주간
6,전민동,10830.67,출근
6,전민동,19274.55,퇴근
6,원촌동,3479.34,새벽
6,원촌동,8070.64,저녁
6,원촌동,28710.56,주간
6,원촌동,3251.43,출근
6,원촌동,5415.94,퇴근
6,탑립동,544.22,새벽
6,탑립동,1345.8,저녁
6,탑립동,25035.63,주간
6,탑립동,3071.32,출근
6,탑립동,2541.88,퇴근
6,용산동,2976.85,새벽
6,용산동,6621.39,저녁
6,용산동,24362.11,주간
6,용산동,3700.65,출근
6,용산동,4337.95,퇴근
6,봉산동,8248.87,새벽
6,봉산동,14006.83,저녁
6,봉산동,23818.36,주간
6,봉산동,4278.67,출근
6,봉산동,6833.33,퇴근
6,관평동,13327.14,새벽
6,관평동,31608.91,저녁
6,관평동,76800.81,주간
6,관평동,9693.94,출근
6,관평동,19146.94,퇴근
6,송강동,15146.15,새벽
6,송강동,33309.22,저녁
6,송강동,50005.89,주간
6,송강동,8479.43,출근
6,송강동,15376.12,퇴근
6,금고동,151.2,새벽
6,금고동,24.51,저녁
6,금고동,648.44,주간
6,금고동,206.23,출근
6,금고동,28.33,퇴근
6,대동,46.2,새벽
6,대동,24.26,저녁
6,대동,118.24,주간
6,대동,23.45,출근
6,대동,21.41,퇴근
6,금탄동,15.15,새벽
6,금탄동,22.63,저녁
6,금탄동,196.11,주간
6,금탄동,27.02,출근
6,금탄동,22.44,퇴근
6,신동,0.61,새벽
6,신동,1.63,저녁
6,신동,1325.09,주간
6,신동,108.16,출근
6,신동,45.12,퇴근
6,둔곡동,70.35,새벽
6,둔곡동,51.39,저녁
6,둔곡동,1415.89,주간
6,둔곡동,283.4,출근
6,둔곡동,66.66,퇴근
6,구룡동,22.02,새벽
6,구룡동,22.19,저녁
6,구룡동,1546.87,주간
6,구룡동,244.18,출근
6,구룡동,114.63,퇴근
7,원내동,16887.77,새벽
7,원내동,35663.25,저녁
7,원내동,70262.45,주간
7,원내동,10438.06,출근
7,원내동,18420.75,퇴근
7,교촌동,667.32,새벽
7,교촌동,1993.25,저녁
7,교촌동,4139.36,주간
7,교촌동,526.58,출근
7,교촌동,1081.61,퇴근
7,대정동,3432.12,새벽
7,대정동,7572.43,저녁
7,대정동,17968.81,주간
7,대정동,2873.64,출근
7,대정동,4134.51,퇴근
7,용계동,2028.3,새벽
7,용계동,3902.91,저녁
7,용계동,11896.98,주간
7,용계동,1613.8,출근
7,용계동,2049.84,퇴근
7,학하동,3401.76,새벽
7,학하동,6279.67,저녁
7,학하동,15651.51,주간
7,학하동,2381.97,출근
7,학하동,3223.54,퇴근
7,계산동,3854.83,새벽
7,계산동,7932.87,저녁
7,계산동,14758.87,주간
7,계산동,2322.75,출근
7,계산동,3969.96,퇴근
7,성북동,476.11,새벽
7,성북동,923.25,저녁
7,성북동,1716.09,주간
7,성북동,277.66,출근
7,성북동,468.45,퇴근
7,세동,7.07,새벽
7,세동,13.77,저녁
7,세동,173.13,주간
7,세동,15.48,출근
7,세동,25.02,퇴근
7,송정동,229.66,새벽
7,송정동,480.95,저녁
7,송정동,1609.13,주간
7,송정동,193.05,출근
7,송정동,424.73,퇴근
7,방동,286.25,새벽
7,방동,696.54,저녁
7,방동,2624.45,주간
7,방동,360.23,출근
7,방동,487.36,퇴근
7,봉명동,46231.22,새벽
7,봉명동,71023.9,저녁
7,봉명동,126677.83,주간
7,봉명동,19286.78,출근
7,봉명동,36203.31,퇴근
7,구암동,8555.2,새벽
7,구암동,17680.59,저녁
7,구암동,40267.23,주간
7,구암동,5768.48,출근
7,구암동,9917.88,퇴근
7,덕명동,9115.57,새벽
7,덕명동,18967.63,저녁
7,덕명동,48544.42,주간
7,덕명동,6157.69,출근
7,덕명동,10709.31,퇴근
7,원신흥동,16408.22,새벽
7,원신흥동,28635.9,저녁
7,원신흥동,56954.73,주간
7,원신흥동,9187.89,출근
7,원신흥동,14118.2,퇴근
7,상대동,15110.77,새벽
7,상대동,24806.84,저녁
7,상대동,43664.47,주간
7,상대동,7953.73,출근
7,상대동,11547.46,퇴근
7,복용동,4583.36,새벽
7,복용동,9311.17,저녁
7,복용동,17700.43,주간
7,복용동,2874.62,출근
7,복용동,4311.9,퇴근
7,장대동,43877.91,새벽
7,장대동,89546.9,저녁
7,장대동,184314.55,주간
7,장대동,26903.0,출근
7,장대동,47793.2,퇴근
7,갑동,279.33,새벽
7,갑동,926.2,저녁
7,갑동,3604.89,주간
7,갑동,313.92,출근
7,갑동,644.29,퇴근
7,노은동,10945.75,새벽
7,노은동,23197.78,저녁
7,노은동,45836.69,주간
7,노은동,7301.73,출근
7,노은동,11755.67,퇴근
7,지족동,17910.77,새벽
7,지족동,40985.14,저녁
7,지족동,83624.49,주간
7,지족동,11263.7,출근
7,지족동,22438.62,퇴근
7,죽동,2218.34,새벽
7,죽동,4958.81,저녁
7,죽동,14630.12,주간
7,죽동,1906.06,출근
7,죽동,2888.29,퇴근
7,궁동,17491.86,새벽
7,궁동,32173.8,저녁
7,궁동,70295.57,주간
7,궁동,8079.43,출근
7,궁동,17711.16,퇴근
7,어은동,10562.73,새벽
7,어은동,20391.24,저녁
7,어은동,60569.77,주간
7,어은동,6764.25,출근
7,어은동,12072.81,퇴근
7,구성동,1705.97,새벽
7,구성동,4713.62,저녁
7,구성동,28967.48,주간
7,구성동,2032.37,출근
7,구성동,3952.39,퇴근
7,신성동,9799.95,새벽
7,신성동,21953.8,저녁
7,신성동,49527.87,주간
7,신성동,6980.0,출근
7,신성동,11962.15,퇴근
7,가정동,1038.13,새벽
7,가정동,2766.37,저녁
7,가정동,27135.43,주간
7,가정동,2532.45,출근
7,가정동,2816.91,퇴근
7,도룡동,3660.45,새벽
7,도룡동,12114.57,저녁
7,도룡동,30400.4,주간
7,도룡동,4114.32,출근
7,도룡동,6967.74,퇴근
7,장동,2250.07,새벽
7,장동,4202.54,저녁
7,장동,40934.43,주간
7,장동,4457.94,출근
7,장동,4045.92,퇴근
7,방현동,188.55,새벽
7,방현동,246.03,저녁
7,방현동,2765.82,주간
7,방현동,307.0,출근
7,방현동,249.14,퇴근
7,화암동,18.86,새벽
7,화암동,106.07,저녁
7,화암동,5394.47,주간
7,화암동,501.58,출근
7,화암동,404.34,퇴근
7,덕진동,1019.05,새벽
7,덕진동,2268.44,저녁
7,덕진동,16690.96,주간
7,덕진동,1924.56,출근
7,덕진동,1547.71,퇴근
7,하기동,7645.6,새벽
7,하기동,15708.34,저녁
7,하기동,27020.88,주간
7,하기동,4680.74,출근
7,하기동,7340.49,퇴근
7,추목동,2012.23,새벽
7,추목동,3580.67,저녁
7,추목동,20657.68,주간
7,추목동,3447.39,출근
7,추목동,2705.25,퇴근
7,자운동,225.72,새벽
7,자운동,951.91,저녁
7,자운동,4655.88,주간
7,자운동,534.73,출근
7,자운동,844.93,퇴근
7,신봉동,3172.61,새벽
7,신봉동,5247.78,저녁
7,신봉동,11277.59,주간
7,신봉동,1798.47,출근
7,신봉동,2545.62,퇴근
7,수남동,34.44,새벽
7,수남동,179.28,저녁
7,수남동,2981.01,주간
7,수남동,267.47,출근
7,수남동,154.4,퇴근
7,안산동,18.32,새벽
7,안산동,79.62,저녁
7,안산동,523.93,주간
7,안산동,61.22,출근
7,안산동,82.6,퇴근
7,외삼동,375.97,새벽
7,외삼동,1057.97,저녁
7,외삼동,2634.19,주간
7,외삼동,370.94,출근
7,외삼동,551.78,퇴근
7,반석동,13171.8,새벽
7,반석동,38891.97,저녁
7,반석동,70837.63,주간
7,반석동,9381.16,출근
7,반석동,20372.88,퇴근
7,문지동,3392.78,새벽
7,문지동,7076.09,저녁
7,문지동,26485.09,주간
7,문지동,3515.57,출근
7,문지동,4324.28,퇴근
7,전민동,15426.54,새벽
7,전민동,35660.8,저녁
7,전민동,80648.68,주간
7,전민동,11095.72,출근
7,전민동,19338.64,퇴근
7,원촌동,3542.15,새벽
7,원촌동,8904.75,저녁
7,원촌동,30170.54,주간
7,원촌동,3257.36,출근
7,원촌동,6346.41,퇴근
7,탑립동,547.16,새벽
7,탑립동,1311.63,저녁
7,탑립동,24258.48,주간
7,탑립동,3027.2,출근
7,탑립동,2444.31,퇴근
7,용산동,3067.03,새벽
7,용산동,6696.59,저녁
7,용산동,23645.41,주간
7,용산동,3712.6,출근
7,용산동,4265.51,퇴근
7,봉산동,7903.74,새벽
7,봉산동,14149.02,저녁
7,봉산동,24218.5,주간
7,봉산동,4214.16,출근
7,봉산동,6915.86,퇴근
7,관평동,14068.62,새벽
7,관평동,31350.99,저녁
7,관평동,76804.39,주간
7,관평동,9686.54,출근
7,관평동,19063.27,퇴근
7,송강동,15321.33,새벽
7,송강동,33419.24,저녁
7,송강동,51026.14,주간
7,송강동,8558.31,출근
7,송강동,15447.16,퇴근
7,금고동,139.94,새벽
7,금고동,20.46,저녁
7,금고동,578.69,주간
7,금고동,188.38,출근
7,금고동,25.97,퇴근
7,대동,0.36,새벽
7,대동,13.55,저녁
7,대동,48.0,주간
7,대동,4.59,출근
7,대동,13.9,퇴근
7,금탄동,4.43,새벽
7,금탄동,5.67,저녁
7,금탄동,53.23,주간
7,금탄동,7.49,출근
7,금탄동,5.99,퇴근
7,신동,0.34,새벽
7,신동,5.82,저녁
7,신동,1981.89,주간
7,신동,174.6,출근
7,신동,84.45,퇴근
7,둔곡동,79.83,새벽
7,둔곡동,83.81,저녁
7,둔곡동,1541.51,주간
7,둔곡동,308.25,출근
7,둔곡동,82.44,퇴근
7,구룡동,19.88,새벽
7,구룡동,25.42,저녁
7,구룡동,1489.55,주간
7,구룡동,234.26,출근
7,구룡동,115.14,퇴근
8,원내동,16748.17,새벽
8,원내동,36492.38,저녁
8,원내동,70971.85,주간
8,원내동,10330.77,출근
8,원내동,18817.31,퇴근
8,교촌동,717.94,새벽
8,교촌동,2006.79,저녁
8,교촌동,4181.4,주간
8,교촌동,553.21,출근
8,교촌동,1079.16,퇴근
8,대정동,3514.07,새벽
8,대정동,7472.0,저녁
8,대정동,17251.22,주간
8,대정동,2766.82,출근
8,대정동,4049.75,퇴근
8,용계동,1731.56,새벽
8,용계동,3791.33,저녁
8,용계동,11065.22,주간
8,용계동,1514.43,출근
8,용계동,2042.19,퇴근
8,학하동,3409.01,새벽
8,학하동,6598.08,저녁
8,학하동,16225.93,주간
8,학하동,2387.7,출근
8,학하동,3370.89,퇴근
8,계산동,3715.24,새벽
8,계산동,7938.52,저녁
8,계산동,14491.4,주간
8,계산동,2216.18,출근
8,계산동,3962.33,퇴근
8,성북동,460.91,새벽
8,성북동,901.11,저녁
8,성북동,1658.05,주간
8,성북동,255.28,출근
8,성북동,447.79,퇴근
8,세동,11.44,새벽
8,세동,19.03,저녁
8,세동,222.11,주간
8,세동,26.99,출근
8,세동,29.61,퇴근
8,송정동,258.21,새벽
8,송정동,582.2,저녁
8,송정동,1724.83,주간
8,송정동,222.55,출근
8,송정동,447.73,퇴근
8,방동,317.97,새벽
8,방동,707.96,저녁
8,방동,2635.54,주간
8,방동,377.23,출근
8,방동,537.11,퇴근
8,봉명동,44831.47,새벽
8,봉명동,70038.22,저녁
8,봉명동,126215.68,주간
8,봉명동,18882.64,출근
8,봉명동,35982.62,퇴근
8,구암동,8591.93,새벽
8,구암동,17691.48,저녁
8,구암동,39500.16,주간
8,구암동,5532.15,출근
8,구암동,9819.22,퇴근
8,덕명동,8832.23,새벽
8,덕명동,18824.74,저녁
8,덕명동,48571.56,주간
8,덕명동,5915.65,출근
8,덕명동,10614.63,퇴근
8,원신흥동,15646.91,새벽
8,원신흥동,28478.37,저녁
8,원신흥동,55414.88,주간
8,원신흥동,8730.55,출근
8,원신흥동,14083.91,퇴근
8,상대동,14590.83,새벽
8,상대동,24857.83,저녁
8,상대동,43117.36,주간
8,상대동,7661.78,출근
8,상대동,11639.63,퇴근
8,복용동,4426.44,새벽
8,복용동,9428.45,저녁
8,복용동,18181.08,주간
8,복용동,2836.08,출근
8,복용동,4417.36,퇴근
8,장대동,42069.57,새벽
8,장대동,87665.42,저녁
8,장대동,179818.88,주간
8,장대동,25836.59,출근
8,장대동,46590.74,퇴근
8,갑동,213.9,새벽
8,갑동,866.75,저녁
8,갑동,3323.54,주간
8,갑동,292.95,출근
8,갑동,532.07,퇴근
8,노은동,10758.96,새벽
8,노은동,23057.18,저녁
8,노은동,45788.63,주간
8,노은동,7122.18,출근
8,노은동,12062.79,퇴근
8,지족동,17511.85,새벽
8,지족동,40834.46,저녁
8,지족동,83354.16,주간
8,지족동,11015.51,출근
8,지족동,22349.36,퇴근
8,죽동,2065.36,새벽
8,죽동,4843.81,저녁
8,죽동,13649.0,주간
8,죽동,1773.98,출근
8,죽동,2806.59,퇴근
8,궁동,18499.44,새벽
8,궁동,32380.5,저녁
8,궁동,70086.34,주간
8,궁동,8069.34,출근
8,궁동,17857.27,퇴근
8,어은동,10280.77,새벽
8,어은동,20822.41,저녁
8,어은동,61609.25,주간
8,어은동,6747.1,출근
8,어은동,12357.89,퇴근
8,구성동,1638.65,새벽
8,구성동,4653.89,저녁
8,구성동,29171.24,주간
8,구성동,2088.45,출근
8,구성동,3959.6,퇴근
8,신성동,8908.2,새벽
8,신성동,21660.81,저녁
8,신성동,48803.03,주간
8,신성동,6729.94,출근
8,신성동,11833.23,퇴근
8,가정동,1026.74,새벽
8,가정동,2811.69,저녁
8,가정동,27035.68,주간
8,가정동,2574.59,출근
8,가정동,2809.75,퇴근
8,도룡동,3441.75,새벽
8,도룡동,11655.72,저녁
8,도룡동,29951.05,주간
8,도룡동,3918.24,출근
8,도룡동,6844.95,퇴근
8,장동,2680.65,새벽
8,장동,4730.66,저녁
8,장동,41761.91,주간
8,장동,4647.09,출근
8,장동,4351.59,퇴근
8,방현동,599.51,새벽
8,방현동,546.89,저녁
8,방현동,3066.24,주간
8,방현동,346.52,출근
8,방현동,377.84,퇴근
8,화암동,27.54,새벽
8,화암동,130.34,저녁
8,화암동,6015.95,주간
8,화암동,616.93,출근
8,화암동,441.79,퇴근
8,덕진동,984.2,새벽
8,덕진동,2256.61,저녁
8,덕진동,17174.69,주간
8,덕진동,1961.84,출근
8,덕진동,1587.03,퇴근
8,하기동,7362.86,새벽
8,하기동,15629.51,저녁
8,하기동,26468.28,주간
8,하기동,4456.83,출근
8,하기동,7265.68,퇴근
8,추목동,1974.19,새벽
8,추목동,3615.52,저녁
8,추목동,21261.61,주간
8,추목동,3531.7,출근
8,추목동,2859.27,퇴근
8,자운동,99.42,새벽
8,자운동,936.12,저녁
8,자운동,4409.56,주간
8,자운동,470.39,출근
8,자운동,802.82,퇴근
8,신봉동,2853.93,새벽
8,신봉동,5405.24,저녁
8,신봉동,11376.89,주간
8,신봉동,1736.02,출근
8,신봉동,2621.93,퇴근
8,수남동,31.33,새벽
8,수남동,193.64,저녁
8,수남동,3096.4,주간
8,수남동,282.67,출근
8,수남동,162.07,퇴근
8,안산동,26.0,새벽
8,안산동,98.27,저녁
8,안산동,577.11,주간
8,안산동,74.61,출근
8,안산동,83.99,퇴근
8,외삼동,315.32,새벽
8,외삼동,1044.26,저녁
8,외삼동,2523.44,주간
8,외삼동,344.48,출근
8,외삼동,545.55,퇴근
8,반석동,13323.62,새벽
8,반석동,38705.33,저녁
8,반석동,70106.35,주간
8,반석동,9061.5,출근
8,반석동,20292.99,퇴근
8,문지동,3079.53,새벽
8,문지동,6868.0,저녁
8,문지동,25296.53,주간
8,문지동,3339.57,출근
8,문지동,4219.45,퇴근
8,전민동,14238.7,새벽
8,전민동,34956.41,저녁
8,전민동,77099.01,주간
8,전민동,10380.94,출근
8,전민동,18935.19,퇴근
8,원촌동,3457.69,새벽
8,원촌동,7566.56,저녁
8,원촌동,27031.45,주간
8,원촌동,3159.29,출근
8,원촌동,5266.31,퇴근
8,탑립동,429.53,새벽
8,탑립동,1250.0,저녁
8,탑립동,24076.92,주간
8,탑립동,2899.67,출근
8,탑립동,2409.43,퇴근
8,용산동,3128.38,새벽
8,용산동,6783.73,저녁
8,용산동,25223.26,주간
8,용산동,3805.43,출근
8,용산동,4375.32,퇴근
8,봉산동,7672.91,새벽
8,봉산동,14194.38,저녁
8,봉산동,23849.68,주간
8,봉산동,4118.04,출근
8,봉산동,6935.22,퇴근
8,관평동,13217.38,새벽
8,관평동,30749.4,저녁
8,관평동,75591.43,주간
8,관평동,9377.66,출근
8,관평동,18735.37,퇴근
8,송강동,14733.12,새벽
8,송강동,33284.74,저녁
8,송강동,49844.01,주간
8,송강동,8208.01,출근
8,송강동,15446.87,퇴근
8,금고동,139.88,새벽
8,금고동,20.04,저녁
8,금고동,604.66,주간
8,금고동,181.4,출근
8,금고동,29.97,퇴근
8,대동,0.11,새벽
8,대동,13.54,저녁
8,대동,53.3,주간
8,대동,5.75,출근
8,대동,12.96,퇴근
8,금탄동,0.04,새벽
8,금탄동,0.03,저녁
8,금탄동,13.43,주간
8,금탄동,1.31,출근
8,금탄동,0.51,퇴근
8,신동,0.11,새벽
8,신동,3.55,저녁
8,신동,1980.05,주간
8,신동,160.15,출근
8,신동,79.84,퇴근
8,둔곡동,70.51,새벽
8,둔곡동,91.28,저녁
8,둔곡동,1506.13,주간
8,둔곡동,297.93,출근
8,둔곡동,83.24,퇴근
8,구룡동,15.82,새벽
8,구룡동,22.38,저녁
8,구룡동,1440.89,주간
8,구룡동,208.83,출근
8,구룡동,114.89,퇴근
9,원내동,17920.84,새벽
9,원내동,37078.88,저녁
9,원내동,72860.03,주간
9,원내동,10888.66,출근
9,원내동,19143.78,퇴근
9,교촌동,823.19,새벽
9,교촌동,2099.4,저녁
9,교촌동,4377.88,주간
9,교촌동,570.94,출근
9,교촌동,1135.22,퇴근
9,대정동,3810.65,새벽
9,대정동,7614.06,저녁
9,대정동,17989.14,주간
9,대정동,2910.37,출근
9,대정동,4174.64,퇴근
9,용계동,3253.71,새벽
9,용계동,4477.96,저녁
9,용계동,14186.63,주간
9,용계동,1923.45,출근
9,용계동,2448.98,퇴근
9,학하동,5226.04,새벽
9,학하동,7593.3,저녁
9,학하동,17694.25,주간
9,학하동,2902.32,출근
9,학하동,3769.86,퇴근
9,계산동,5330.24,새벽
9,계산동,8390.04,저녁
9,계산동,15190.63,주간
9,계산동,2568.17,출근
9,계산동,4082.67,퇴근
9,성북동,509.49,새벽
9,성북동,903.92,저녁
9,성북동,1778.69,주간
9,성북동,279.39,출근
9,성북동,446.18,퇴근
9,세동,7.04,새벽
9,세동,16.0,저녁
9,세동,227.11,주간
9,세동,22.79,출근
9,세동,23.92,퇴근
9,송정동,310.84,새벽
9,송정동,548.97,저녁
9,송정동,1703.16,주간
9,송정동,216.57,출근
9,송정동,438.52,퇴근
9,방동,445.52,새벽
9,방동,818.05,저녁
9,방동,3242.27,주간
9,방동,472.71,출근
9,방동,563.87,퇴근
9,봉명동,44912.34,새벽
9,봉명동,70976.77,저녁
9,봉명동,123689.15,주간
9,봉명동,18843.36,출근
9,봉명동,35986.55,퇴근
9,구암동,9245.52,새벽
9,구암동,18028.77,저녁
9,구암동,40750.16,주간
9,구암동,5932.28,출근
9,구암동,9957.97,퇴근
9,덕명동,12665.98,새벽
9,덕명동,21000.79,저녁
9,덕명동,64378.02,주간
9,덕명동,7339.55,출근
9,덕명동,12142.28,퇴근
9,원신흥동,16395.96,새벽
9,원신흥동,28805.37,저녁
9,원신흥동,56845.84,주간
9,원신흥동,9166.07,출근
9,원신흥동,14302.61,퇴근
9,상대동,14874.27,새벽
9,상대동,25267.12,저녁
9,상대동,43398.19,주간
9,상대동,8109.02,출근
9,상대동,11758.33,퇴근
9,복용동,5536.02,새벽
9,복용동,9795.77,저녁
9,복용동,18517.81,주간
9,복용동,3092.12,출근
9,복용동,4542.95,퇴근
9,장대동,45392.2,새벽
9,장대동,88875.17,저녁
9,장대동,181743.17,주간
9,장대동,27325.78,출근
9,장대동,47218.54,퇴근
9,갑동,283.48,새벽
9,갑동,838.94,저녁
9,갑동,3794.05,주간
9,갑동,302.23,출근
9,갑동,532.15,퇴근
9,노은동,10808.54,새벽
9,노은동,23338.74,저녁
9,노은동,46575.32,주간
9,노은동,7404.18,출근
9,노은동,12135.23,퇴근
9,지족동,17319.23,새벽
9,지족동,41167.74,저녁
9,지족동,82891.65,주간
9,지족동,11232.32,출근
9,지족동,22646.09,퇴근
9,죽동,2220.77,새벽
9,죽동,5114.58,저녁
9,죽동,17219.95,주간
9,죽동,2001.07,출근
9,죽동,3073.07,퇴근
9,궁동,27217.7,새벽
9,궁동,39394.6,저녁
9,궁동,92844.81,주간
9,궁동,10963.54,출근
9,궁동,22362.62,퇴근
9,어은동,15569.84,새벽
9,어은동,23668.97,저녁
9,어은동,69679.02,주간
9,어은동,8267.45,출근
9,어은동,13840.12,퇴근
9,구성동,2464.69,새벽
9,구성동,5343.14,저녁
9,구성동,30931.88,주간
9,구성동,2216.95,출근
9,구성동,4330.57,퇴근
9,신성동,10250.79,새벽
9,신성동,22370.34,저녁
9,신성동,49803.81,주간
9,신성동,7130.43,출근
9,신성동,12036.42,퇴근
9,가정동,1364.84,새벽
9,가정동,2935.52,저녁
9,가정동,26754.47,주간
9,가정동,2501.72,출근
9,가정동,2799.78,퇴근
9,도룡동,3810.48,새벽
9,도룡동,10661.28,저녁
9,도룡동,30095.74,주간
9,도룡동,4100.05,출근
9,도룡동,6175.13,퇴근
9,장동,2948.96,새벽
9,장동,5119.63,저녁
9,장동,44104.63,주간
9,장동,4746.5,출근
9,장동,4579.32,퇴근
9,방현동,110.28,새벽
9,방현동,194.69,저녁
9,방현동,2425.36,주간
9,방현동,227.51,출근
9,방현동,221.77,퇴근
9,화암동,66.48,새벽
9,화암동,181.33,저녁
9,화암동,7064.32,주간
9,화암동,756.18,출근
9,화암동,508.26,퇴근
9,덕진동,1029.38,새벽
9,덕진동,2272.34,저녁
9,덕진동,17182.45,주간
9,덕진동,2091.79,출근
9,덕진동,1571.05,퇴근
9,하기동,7712.29,새벽
9,하기동,15961.17,저녁
9,하기동,29243.81,주간
9,하기동,4827.6,출근
9,하기동,7472.27,퇴근
9,추목동,1736.97,새벽
9,추목동,3231.5,저녁
9,추목동,20007.11,주간
9,추목동,3130.29,출근
9,추목동,2421.14,퇴근
9,자운동,133.35,새벽
9,자운동,833.41,저녁
9,자운동,4237.35,주간
9,자운동,451.06,출근
9,자운동,779.33,퇴근
9,신봉동,2529.72,새벽
9,신봉동,4783.65,저녁
9,신봉동,11006.04,주간
9,신봉동,1748.64,출근
9,신봉동,2356.91,퇴근
9,수남동,19.53,새벽
9,수남동,149.31,저녁
9,수남동,2927.98,주간
9,수남동,266.58,출근
9,수남동,130.59,퇴근
9,안산동,14.62,새벽
9,안산동,88.77,저녁
9,안산동,617.39,주간
9,안산동,59.4,출근
9,안산동,83.17,퇴근
9,외삼동,395.58,새벽
9,외삼동,1054.88,저녁
9,외삼동,2672.92,주간
9,외삼동,364.94,출근
9,외삼동,561.2,퇴근
9,반석동,14919.28,새벽
9,반석동,39505.16,저녁
9,반석동,70414.72,주간
9,반석동,9692.26,출근
9,반석동,20595.48,퇴근
9,문지동,3530.3,새벽
9,문지동,6914.24,저녁
9,문지동,25693.45,주간
9,문지동,3422.19,출근
9,문지동,4193.07,퇴근
9,전민동,14717.78,새벽
9,전민동,34910.93,저녁
9,전민동,76886.25,주간
9,전민동,10452.08,출근
9,전민동,18849.76,퇴근
9,원촌동,3250.48,새벽
9,원촌동,7456.29,저녁
9,원촌동,28595.79,주간
9,원촌동,3212.69,출근
9,원촌동,5197.99,퇴근
9,탑립동,472.56,새벽
9,탑립동,1274.16,저녁
9,탑립동,24634.36,주간
9,탑립동,2935.35,출근
9,탑립동,2353.41,퇴근
9,용산동,3176.43,새벽
9,용산동,7036.16,저녁
9,용산동,26819.53,주간
9,용산동,4008.73,출근
9,용산동,4576.51,퇴근
9,봉산동,7864.12,새벽
9,봉산동,14477.76,저녁
9,봉산동,24565.44,주간
9,봉산동,4337.68,출근
9,봉산동,7059.35,퇴근
9,관평동,13379.69,새벽
9,관평동,31287.01,저녁
9,관평동,76245.18,주간
9,관평동,9757.84,출근
9,관평동,18941.13,퇴근
9,송강동,15057.72,새벽
9,송강동,33238.8,저녁
9,송강동,49744.84,주간
9,송강동,8563.35,출근
9,송강동,15415.51,퇴근
9,금고동,131.97,새벽
9,금고동,21.57,저녁
9,금고동,622.23,주간
9,금고동,172.93,출근
9,금고동,32.38,퇴근
9,대동,1.92,새벽
9,대동,31.69,저녁
9,대동,104.89,주간
9,대동,8.24,출근
9,대동,21.67,퇴근
9,금탄동,0.09,새벽
9,금탄동,0.4,저녁
9,금탄동,16.83,주간
9,금탄동,1.39,출근
9,금탄동,0.44,퇴근
9,신동,12.89,새벽
9,신동,13.78,저녁
9,신동,2226.6,주간
9,신동,169.41,출근
9,신동,95.14,퇴근
9,둔곡동,56.32,새벽
9,둔곡동,97.81,저녁
9,둔곡동,1643.18,주간
9,둔곡동,248.14,출근
9,둔곡동,92.86,퇴근
9,구룡동,16.58,새벽
9,구룡동,39.47,저녁
9,구룡동,1715.42,주간
9,구룡동,240.7,출근
9,구룡동,138.82,퇴근
10,원내동,19196.79,새벽
10,원내동,37289.64,저녁
10,원내동,72335.07,주간
10,원내동,10981.28,출근
10,원내동,19230.7,퇴근
10,교촌동,609.43,새벽
10,교촌동,2056.3,저녁
10,교촌동,4618.08,주간
10,교촌동,541.25,출근
10,교촌동,1124.73,퇴근
10,대정동,3497.36,새벽
10,대정동,7691.64,저녁
10,대정동,19204.01,주간
10,대정동,2811.22,출근
10,대정동,4319.27,퇴근
10,용계동,2512.56,새벽
10,용계동,4696.87,저녁
10,용계동,15220.61,주간
10,용계동,1807.21,출근
10,용계동,2513.72,퇴근
10,학하동,6080.21,새벽
10,학하동,8543.53,저녁
10,학하동,18873.16,주간
10,학하동,3187.15,출근
10,학하동,4103.39,퇴근
10,계산동,4326.73,새벽
10,계산동,7940.93,저녁
10,계산동,14353.71,주간
10,계산동,2248.59,출근
10,계산동,3878.58,퇴근
10,성북동,459.09,새벽
10,성북동,903.67,저녁
10,성북동,1789.65,주간
10,성북동,280.9,출근
10,성북동,440.97,퇴근
10,세동,4.75,새벽
10,세동,12.75,저녁
10,세동,271.73,주간
10,세동,23.02,출근
10,세동,14.49,퇴근
10,송정동,448.67,새벽
10,송정동,726.79,저녁
10,송정동,1992.41,주간
10,송정동,259.94,출근
10,송정동,504.4,퇴근
10,방동,435.63,새벽
10,방동,800.56,저녁
10,방동,3083.43,주간
10,방동,413.42,출근
10,방동,614.69,퇴근
10,봉명동,45258.42,새벽
10,봉명동,71276.15,저녁
10,봉명동,127121.41,주간
10,봉명동,18626.03,출근
10,봉명동,36889.72,퇴근
10,구암동,8692.47,새벽
10,구암동,17732.95,저녁
10,구암동,39954.31,주간
10,구암동,5700.1,출근
10,구암동,9842.02,퇴근
10,덕명동,11056.44,새벽
10,덕명동,21964.73,저녁
10,덕명동,62680.25,주간
10,덕명동,6759.64,출근
10,덕명동,12688.81,퇴근
10,원신흥동,16403.38,새벽
10,원신흥동,28453.34,저녁
10,원신흥동,57967.26,주간
10,원신흥동,8986.96,출근
10,원신흥동,14185.14,퇴근
10,상대동,14098.31,새벽
10,상대동,24360.91,저녁
10,상대동,41657.97,주간
10,상대동,7662.09,출근
10,상대동,11413.02,퇴근
10,복용동,5011.33,새벽
10,복용동,9760.84,저녁
10,복용동,18038.94,주간
10,복용동,2893.29,출근
10,복용동,4531.59,퇴근
10,장대동,46162.28,새벽
10,장대동,89119.35,저녁
10,장대동,181101.45,주간
10,장대동,26758.59,출근
10,장대동,47751.67,퇴근
10,갑동,266.67,새벽
10,갑동,856.54,저녁
10,갑동,3496.61,주간
10,갑동,287.72,출근
10,갑동,585.0,퇴근
10,노은동,10437.48,새벽
10,노은동,23836.91,저녁
10,노은동,46060.25,주간
10,노은동,7227.89,출근
10,노은동,12494.75,퇴근
10,지족동,16573.01,새벽
10,지족동,40225.69,저녁
10,지족동,81412.61,주간
10,지족동,10868.7,출근
10,지족동,22207.43,퇴근
10,죽동,1991.62,새벽
10,죽동,5126.46,저녁
10,죽동,16646.69,주간
10,죽동,1881.56,출근
10,죽동,2963.82,퇴근
10,궁동,20720.02,새벽
10,궁동,41294.66,저녁
10,궁동,91131.76,주간
10,궁동,9109.02,출근
10,궁동,23282.28,퇴근
10,어은동,9878.43,새벽
10,어은동,23786.18,저녁
10,어은동,67934.25,주간
10,어은동,6658.79,출근
10,어은동,14064.3,퇴근
10,구성동,1922.3,새벽
10,구성동,5598.88,저녁
10,구성동,31500.06,주간
10,구성동,2016.42,출근
10,구성동,4356.25,퇴근
10,신성동,8978.41,새벽
10,신성동,22421.41,저녁
10,신성동,48672.47,주간
10,신성동,6565.42,출근
10,신성동,12045.36,퇴근
10,가정동,1230.78,새벽
10,가정동,3091.7,저녁
10,가정동,25643.24,주간
10,가정동,2329.74,출근
10,가정동,2811.63,퇴근
10,도룡동,3601.21,새벽
10,도룡동,11012.06,저녁
10,도룡동,30780.99,주간
10,도룡동,3982.89,출근
10,도룡동,6856.63,퇴근
10,장동,2356.0,새벽
10,장동,5288.26,저녁
10,장동,41826.1,주간
10,장동,4338.4,출근
10,장동,4594.61,퇴근
10,방현동,317.93,새벽
10,방현동,372.0,저녁
10,방현동,2327.45,주간
10,방현동,272.92,출근
10,방현동,273.05,퇴근
10,화암동,41.87,새벽
10,화암동,173.53,저녁
10,화암동,6812.49,주간
10,화암동,672.06,출근
10,화암동,480.28,퇴근
10,덕진동,1025.87,새벽
10,덕진동,2361.59,저녁
10,덕진동,16235.08,주간
10,덕진동,2065.13,출근
10,덕진동,1560.88,퇴근
10,하기동,6519.91,새벽
10,하기동,15823.86,저녁
10,하기동,28127.09,주간
10,하기동,4476.22,출근
10,하기동,7388.07,퇴근
10,추목동,2268.37,새벽
10,추목동,3505.83,저녁
10,추목동,20355.24,주간
10,추목동,3315.83,출근
10,추목동,2507.64,퇴근
10,자운동,210.62,새벽
10,자운동,976.34,저녁
10,자운동,4203.56,주간
10,자운동,453.54,출근
10,자운동,843.84,퇴근
10,신봉동,3300.86,새벽
10,신봉동,5383.95,저녁
10,신봉동,11080.88,주간
10,신봉동,1882.46,출근
10,신봉동,2587.38,퇴근
10,수남동,20.78,새벽
10,수남동,157.54,저녁
10,수남동,2759.51,주간
10,수남동,244.3,출근
10,수남동,139.41,퇴근
10,안산동,22.7,새벽
10,안산동,106.21,저녁
10,안산동,642.44,주간
10,안산동,76.22,출근
10,안산동,74.59,퇴근
10,외삼동,325.32,새벽
10,외삼동,1052.84,저녁
10,외삼동,2507.69,주간
10,외삼동,322.74,출근
10,외삼동,551.19,퇴근
10,반석동,13820.49,새벽
10,반석동,38789.44,저녁
10,반석동,68880.42,주간
10,반석동,9235.95,출근
10,반석동,20283.61,퇴근
10,문지동,3264.4,새벽
10,문지동,6958.09,저녁
10,문지동,24811.2,주간
10,문지동,3244.8,출근
10,문지동,4166.38,퇴근
10,전민동,14432.81,새벽
10,전민동,34942.94,저녁
10,전민동,77058.34,주간
10,전민동,10315.97,출근
10,전민동,18848.85,퇴근
10,원촌동,3513.53,새벽
10,원촌동,7608.76,저녁
10,원촌동,31774.33,주간
10,원촌동,3377.81,출근
10,원촌동,5417.81,퇴근
10,탑립동,480.49,새벽
10,탑립동,1206.91,저녁
10,탑립동,23009.92,주간
10,탑립동,2627.1,출근
10,탑립동,2256.46,퇴근
10,용산동,3628.12,새벽
10,용산동,7143.84,저녁
10,용산동,26097.87,주간
10,용산동,4149.38,출근
10,용산동,4316.24,퇴근
10,봉산동,7866.21,새벽
10,봉산동,14602.27,저녁
10,봉산동,24480.66,주간
10,봉산동,4245.43,출근
10,봉산동,7136.06,퇴근
10,관평동,13606.08,새벽
10,관평동,30919.68,저녁
10,관평동,75049.03,주간
10,관평동,9629.79,출근
10,관평동,18930.81,퇴근
10,송강동,15169.26,새벽
10,송강동,33064.52,저녁
10,송강동,48950.66,주간
10,송강동,8364.02,출근
10,송강동,15309.53,퇴근
10,금고동,118.99,새벽
10,금고동,17.47,저녁
10,금고동,779.26,주간
10,금고동,165.23,출근
10,금고동,22.61,퇴근
10,대동,1.28,새벽
10,대동,22.39,저녁
10,대동,109.69,주간
10,대동,3.93,출근
10,대동,12.65,퇴근
10,금탄동,0.03,새벽
10,금탄동,0.08,저녁
10,금탄동,13.91,주간
10,금탄동,1.14,출근
10,금탄동,0.28,퇴근
10,신동,115.28,새벽
10,신동,99.02,저녁
10,신동,2541.71,주간
10,신동,273.14,출근
10,신동,151.31,퇴근
10,둔곡동,40.3,새벽
10,둔곡동,104.58,저녁
10,둔곡동,1326.64,주간
10,둔곡동,202.74,출근
10,둔곡동,90.49,퇴근
10,구룡동,29.89,새벽
10,구룡동,62.28,저녁
10,구룡동,1779.8,주간
10,구룡동,270.79,출근
10,구룡동,175.99,퇴근
11,원내동,18093.35,새벽
11,원내동,38245.81,저녁
11,원내동,72980.55,주간
11,원내동,10830.14,출근
11,원내동,19641.26,퇴근
11,교촌동,728.86,새벽
11,교촌동,2024.02,저녁
11,교촌동,4671.07,주간
11,교촌동,565.99,출근
11,교촌동,1124.98,퇴근
11,대정동,4669.86,새벽
11,대정동,8293.15,저녁
11,대정동,20392.64,주간
11,대정동,3197.79,출근
11,대정동,4550.7,퇴근
11,용계동,2248.76,새벽
11,용계동,4768.82,저녁
11,용계동,15798.34,주간
11,용계동,1888.17,출근
11,용계동,2554.13,퇴근
11,학하동,5057.93,새벽
11,학하동,8676.21,저녁
11,학하동,18946.15,주간
11,학하동,2890.73,출근
11,학하동,4180.66,퇴근
11,계산동,4796.09,새벽
11,계산동,8092.58,저녁
11,계산동,14455.73,주간
11,계산동,2308.68,출근
11,계산동,3917.87,퇴근
11,성북동,483.3,새벽
11,성북동,912.0,저녁
11,성북동,1808.81,주간
11,성북동,284.07,출근
11,성북동,452.86,퇴근
11,세동,5.73,새벽
11,세동,26.4,저녁
11,세동,352.51,주간
11,세동,31.7,출근
11,세동,18.26,퇴근
11,송정동,547.56,새벽
11,송정동,724.49,저녁
11,송정동,2154.78,주간
11,송정동,300.78,출근
11,송정동,508.83,퇴근
11,방동,554.89,새벽
11,방동,944.81,저녁
11,방동,3273.36,주간
11,방동,469.19,출근
11,방동,730.87,퇴근
11,봉명동,43394.42,새벽
11,봉명동,70067.79,저녁
11,봉명동,123486.95,주간
11,봉명동,18115.67,출근
11,봉명동,36609.2,퇴근
11,구암동,8794.85,새벽
11,구암동,17957.64,저녁
11,구암동,40322.51,주간
11,구암동,5711.87,출근
11,구암동,9905.82,퇴근
11,덕명동,10450.35,새벽
11,덕명동,21515.95,저녁
11,덕명동,66060.61,주간
11,덕명동,6740.87,출근
11,덕명동,12500.74,퇴근
11,원신흥동,16024.51,새벽
11,원신흥동,28938.41,저녁
11,원신흥동,57652.92,주간
11,원신흥동,8932.14,출근
11,원신흥동,14545.26,퇴근
11,상대동,14307.71,새벽
11,상대동,24745.39,저녁
11,상대동,42067.21,주간
11,상대동,7716.76,출근
11,상대동,11665.31,퇴근
11,복용동,5105.73,새벽
11,복용동,9918.2,저녁
11,복용동,17905.21,주간
11,복용동,2863.45,출근
11,복용동,4622.63,퇴근
11,장대동,44270.89,새벽
11,장대동,90066.73,저녁
11,장대동,182496.08,주간
11,장대동,26709.39,출근
11,장대동,48389.85,퇴근
11,갑동,310.71,새벽
11,갑동,869.81,저녁
11,갑동,3094.83,주간
11,갑동,298.89,출근
11,갑동,505.7,퇴근
11,노은동,10536.58,새벽
11,노은동,23270.69,저녁
11,노은동,46489.73,주간
11,노은동,7275.93,출근
11,노은동,12045.2,퇴근
11,지족동,16336.65,새벽
11,지족동,40482.95,저녁
11,지족동,82649.1,주간
11,지족동,10809.58,출근
11,지족동,22633.61,퇴근
11,죽동,2063.76,새벽
11,죽동,5193.99,저녁
11,죽동,18768.23,주간
11,죽동,2063.03,출근
11,죽동,3189.83,퇴근
11,궁동,19641.43,새벽
11,궁동,40166.63,저녁
11,궁동,92634.11,주간
11,궁동,9071.8,출근
11,궁동,22738.39,퇴근
11,어은동,10546.94,새벽
11,어은동,24366.17,저녁
11,어은동,72287.4,주간
11,어은동,7026.32,출근
11,어은동,14509.85,퇴근
11,구성동,2013.85,새벽
11,구성동,5911.0,저녁
11,구성동,33348.41,주간
11,구성동,2239.32,출근
11,구성동,4745.9,퇴근
11,신성동,8859.57,새벽
11,신성동,23025.94,저녁
11,신성동,51106.93,주간
11,신성동,6841.46,출근
11,신성동,12450.08,퇴근
11,가정동,1315.72,새벽
11,가정동,3249.75,저녁
11,가정동,29582.78,주간
11,가정동,2626.85,출근
11,가정동,3096.33,퇴근
11,도룡동,3658.3,새벽
11,도룡동,9818.25,저녁
11,도룡동,31369.55,주간
11,도룡동,4309.53,출근
11,도룡동,5714.01,퇴근
11,장동,2174.62,새벽
11,장동,4908.64,저녁
11,장동,46457.25,주간
11,장동,4695.26,출근
11,장동,4678.0,퇴근
11,방현동,51.21,새벽
11,방현동,153.06,저녁
11,방현동,2033.67,주간
11,방현동,221.09,출근
11,방현동,176.11,퇴근
11,화암동,36.82,새벽
11,화암동,192.79,저녁
11,화암동,7544.33,주간
11,화암동,757.17,출근
11,화암동,497.18,퇴근
11,덕진동,1235.31,새벽
11,덕진동,2395.16,저녁
11,덕진동,17436.72,주간
11,덕진동,2023.06,출근
11,덕진동,1564.46,퇴근
11,하기동,6783.35,새벽
11,하기동,16140.12,저녁
11,하기동,29196.37,주간
11,하기동,4612.88,출근
11,하기동,7558.82,퇴근
11,추목동,1745.27,새벽
11,추목동,3388.32,저녁
11,추목동,21422.2,주간
11,추목동,3341.0,출근
11,추목동,2503.72,퇴근
11,자운동,66.84,새벽
11,자운동,975.22,저녁
11,자운동,4346.08,주간
11,자운동,442.23,출근
11,자운동,843.55,퇴근
11,신봉동,2811.93,새벽
11,신봉동,5571.76,저녁
11,신봉동,11840.64,주간
11,신봉동,1924.35,출근
11,신봉동,2712.06,퇴근
11,수남동,22.67,새벽
11,수남동,176.87,저녁
11,수남동,3268.17,주간
11,수남동,244.3,출근
11,수남동,152.6,퇴근
11,안산동,23.6,새벽
11,안산동,92.6,저녁
11,안산동,608.69,주간
11,안산동,57.8,출근
11,안산동,70.78,퇴근
11,외삼동,296.98,새벽
11,외삼동,1081.74,저녁
11,외삼동,2660.55,주간
11,외삼동,331.48,출근
11,외삼동,565.69,퇴근
11,반석동,13408.1,새벽
11,반석동,39614.7,저녁
11,반석동,71275.98,주간
11,반석동,9486.32,출근
11,반석동,20945.37,퇴근
11,문지동,3062.0,새벽
11,문지동,7000.06,저녁
11,문지동,26376.97,주간
11,문지동,3310.47,출근
11,문지동,4305.79,퇴근
11,전민동,14232.42,새벽
11,전민동,35560.22,저녁
11,전민동,80036.01,주간
11,전민동,10536.15,출근
11,전민동,19434.79,퇴근
11,원촌동,3771.34,새벽
11,원촌동,7742.27,저녁
11,원촌동,31687.44,주간
11,원촌동,3599.18,출근
11,원촌동,5342.99,퇴근
11,탑립동,386.93,새벽
11,탑립동,1230.61,저녁
11,탑립동,25861.01,주간
11,탑립동,2897.83,출근
11,탑립동,2429.28,퇴근
11,용산동,3215.59,새벽
11,용산동,7147.66,저녁
11,용산동,27971.04,주간
11,용산동,4317.36,출근
11,용산동,4455.34,퇴근
11,봉산동,7652.97,새벽
11,봉산동,14959.32,저녁
11,봉산동,25040.09,주간
11,봉산동,4262.32,출근
11,봉산동,7365.46,퇴근
11,관평동,13067.75,새벽
11,관평동,31215.57,저녁
11,관평동,78259.71,주간
11,관평동,9787.76,출근
11,관평동,19323.67,퇴근
11,송강동,14625.05,새벽
11,송강동,33399.02,저녁
11,송강동,48923.14,주간
11,송강동,8205.51,출근
11,송강동,15553.18,퇴근
11,금고동,112.27,새벽
11,금고동,12.77,저녁
11,금고동,800.57,주간
11,금고동,154.06,출근
11,금고동,21.15,퇴근
11,대동,2.58,새벽
11,대동,20.6,저녁
11,대동,113.79,주간
11,대동,3.93,출근
11,대동,11.0,퇴근
11,금탄동,0.15,저녁
11,금탄동,14.7,주간
11,금탄동,0.63,출근
11,금탄동,0.47,퇴근
11,신동,0.74,새벽
11,신동,7.98,저녁
11,신동,2483.4,주간
11,신동,144.97,출근
11,신동,99.6,퇴근
11,둔곡동,97.43,새벽
11,둔곡동,165.61,저녁
11,둔곡동,1540.75,주간
11,둔곡동,200.94,출근
11,둔곡동,110.64,퇴근
11,구룡동,325.63,새벽
11,구룡동,297.63,저녁
11,구룡동,3136.09,주간
11,구룡동,446.98,출근
11,구룡동,266.75,퇴근
12,원내동,19000.92,새벽
12,원내동,37970.69,저녁
12,원내동,74492.36,주간
12,원내동,10674.59,출근
12,원내동,19595.43,퇴근
12,교촌동,563.53,새벽
12,교촌동,1868.9,저녁
12,교촌동,4275.12,주간
12,교촌동,504.53,출근
12,교촌동,1031.71,퇴근
12,대정동,3991.97,새벽
12,대정동,7702.78,저녁
12,대정동,19383.23,주간
12,대정동,3004.35,출근
12,대정동,4274.17,퇴근
12,용계동,1984.68,새벽
12,용계동,4205.13,저녁
12,용계동,13235.48,주간
12,용계동,1721.19,출근
12,용계동,2198.82,퇴근
12,학하동,4733.69,새벽
12,학하동,8610.64,저녁
12,학하동,18999.47,주간
12,학하동,2811.25,출근
12,학하동,4199.43,퇴근
12,계산동,4692.34,새벽
12,계산동,7992.51,저녁
12,계산동,14252.27,주간
12,계산동,2208.27,출근
12,계산동,3925.34,퇴근
12,성북동,476.23,새벽
12,성북동,912.02,저녁
12,성북동,1720.08,주간
12,성북동,283.34,출근
12,성북동,446.95,퇴근
12,세동,2.06,새벽
12,세동,19.85,저녁
12,세동,262.12,주간
12,세동,23.48,출근
12,세동,14.6,퇴근
12,송정동,414.41,새벽
12,송정동,716.46,저녁
12,송정동,2161.04,주간
12,송정동,269.6,출근
12,송정동,501.29,퇴근
12,방동,466.56,새벽
12,방동,952.64,저녁
12,방동,2946.17,주간
12,방동,423.84,출근
12,방동,587.6,퇴근
12,봉명동,45219.66,새벽
12,봉명동,71659.25,저녁
12,봉명동,128041.55,주간
12,봉명동,18166.0,출근
12,봉명동,37815.07,퇴근
12,구암동,8878.67,새벽
12,구암동,17690.21,저녁
12,구암동,40152.96,주간
12,구암동,5447.06,출근
12,구암동,9773.56,퇴근
12,덕명동,10127.94,새벽
12,덕명동,19303.24,저녁
12,덕명동,50508.7,주간
12,덕명동,5899.42,출근
12,덕명동,10723.51,퇴근
12,원신흥동,16583.96,새벽
12,원신흥동,28817.1,저녁
12,원신흥동,58180.12,주간
12,원신흥동,8899.19,출근
12,원신흥동,14505.8,퇴근
12,상대동,14505.91,새벽
12,상대동,24561.92,저녁
12,상대동,44058.25,주간
12,상대동,7732.12,출근
12,상대동,11717.44,퇴근
12,복용동,5204.23,새벽
12,복용동,9754.33,저녁
12,복용동,18104.17,주간
12,복용동,2833.8,출근
12,복용동,4568.65,퇴근
12,장대동,45642.1,새벽
12,장대동,89663.22,저녁
12,장대동,185452.72,주간
12,장대동,26266.99,출근
12,장대동,48421.17,퇴근
12,갑동,297.72,새벽
12,갑동,869.51,저녁
12,갑동,2746.78,주간
12,갑동,288.21,출근
12,갑동,497.05,퇴근
12,노은동,10721.48,새벽
12,노은동,23322.71,저녁
12,노은동,47021.6,주간
12,노은동,7000.94,출근
12,노은동,12240.07,퇴근
12,지족동,16985.03,새벽
12,지족동,39979.73,저녁
12,지족동,83389.42,주간
12,지족동,10488.0,출근
12,지족동,22316.97,퇴근
12,죽동,2023.06,새벽
12,죽동,5038.6,저녁
12,죽동,16702.54,주간
12,죽동,1963.17,출근
12,죽동,3016.97,퇴근
12,궁동,19647.05,새벽
12,궁동,37378.36,저녁
12,궁동,83290.75,주간
12,궁동,8659.49,출근
12,궁동,21044.76,퇴근
12,어은동,9849.44,새벽
12,어은동,21776.56,저녁
12,어은동,64731.92,주간
12,어은동,6537.73,출근
12,어은동,12827.99,퇴근
12,구성동,1805.35,새벽
12,구성동,4794.06,저녁
12,구성동,29371.14,주간
12,구성동,2105.65,출근
12,구성동,3940.19,퇴근
12,신성동,8752.9,새벽
12,신성동,21989.78,저녁
12,신성동,49082.79,주간
12,신성동,6316.66,출근
12,신성동,11812.33,퇴근
12,가정동,1129.88,새벽
12,가정동,2634.45,저녁
12,가정동,25408.92,주간
12,가정동,2301.87,출근
12,가정동,2477.04,퇴근
12,도룡동,3820.69,새벽
12,도룡동,9691.17,저녁
12,도룡동,30050.76,주간
12,도룡동,4201.04,출근
12,도룡동,5546.91,퇴근
12,장동,2352.32,새벽
12,장동,4343.46,저녁
12,장동,39674.48,주간
12,장동,4146.56,출근
12,장동,3940.38,퇴근
12,방현동,61.97,새벽
12,방현동,154.22,저녁
12,방현동,2086.19,주간
12,방현동,211.57,출근
12,방현동,146.02,퇴근
12,화암동,32.67,새벽
12,화암동,171.09,저녁
12,화암동,6307.63,주간
12,화암동,676.59,출근
12,화암동,403.62,퇴근
12,덕진동,1649.54,새벽
12,덕진동,2516.46,저녁
12,덕진동,18646.95,주간
12,덕진동,2101.42,출근
12,덕진동,1470.67,퇴근
12,하기동,7136.48,새벽
12,하기동,15618.32,저녁
12,하기동,27631.96,주간
12,하기동,4419.69,출근
12,하기동,7292.46,퇴근
12,추목동,1656.23,새벽
12,추목동,3207.93,저녁
12,추목동,20196.04,주간
12,추목동,3151.88,출근
12,추목동,2272.66,퇴근
12,자운동,146.0,새벽
12,자운동,915.92,저녁
12,자운동,3787.48,주간
12,자운동,362.46,출근
12,자운동,789.15,퇴근
12,신봉동,3092.58,새벽
12,신봉동,5299.34,저녁
12,신봉동,11697.26,주간
12,신봉동,1907.04,출근
12,신봉동,2583.81,퇴근
12,수남동,24.78,새벽
12,수남동,179.53,저녁
12,수남동,2975.65,주간
12,수남동,224.42,출근
12,수남동,151.12,퇴근
12,안산동,21.21,새벽
12,안산동,90.43,저녁
12,안산동,525.22,주간
12,안산동,50.17,출근
12,안산동,62.75,퇴근
12,외삼동,383.26,새벽
12,외삼동,1093.72,저녁
12,외삼동,2544.52,주간
12,외삼동,326.71,출근
12,외삼동,566.41,퇴근
12,반석동,14598.54,새벽
12,반석동,39285.46,저녁
12,반석동,72402.9,주간
12,반석동,9407.38,출근
12,반석동,20773.51,퇴근
12,문지동,3015.85,새벽
12,문지동,6847.93,저녁
12,문지동,26141.52,주간
12,문지동,3297.14,출근
12,문지동,4194.0,퇴근
12,전민동,14294.22,새벽
12,전민동,34802.42,저녁
12,전민동,76760.63,주간
12,전민동,9887.47,출근
12,전민동,18767.44,퇴근
12,원촌동,4079.55,새벽
12,원촌동,8067.08,저녁
12,원촌동,31496.07,주간
12,원촌동,3461.37,출근
12,원촌동,5785.72,퇴근
12,탑립동,240.42,새벽
12,탑립동,1015.44,저녁
12,탑립동,23515.33,주간
12,탑립동,2577.66,출근
12,탑립동,2049.8,퇴근
12,용산동,2945.77,새벽
12,용산동,6813.6,저녁
12,용산동,25727.95,주간
12,용산동,3807.85,출근
12,용산동,4137.05,퇴근
12,봉산동,8156.89,새벽
12,봉산동,14863.77,저녁
12,봉산동,25540.35,주간
12,봉산동,4295.66,출근
12,봉산동,7296.95,퇴근
12,관평동,13615.03,새벽
12,관평동,31423.18,저녁
12,관평동,77187.13,주간
12,관평동,9422.65,출근
12,관평동,19297.72,퇴근
12,송강동,15264.83,새벽
12,송강동,32756.15,저녁
12,송강동,50238.6,주간
12,송강동,8325.53,출근
12,송강동,15398.86,퇴근
12,금고동,98.8,새벽
12,금고동,19.31,저녁
12,금고동,620.96,주간
12,금고동,120.56,출근
12,금고동,16.93,퇴근
12,대동,0.04,새벽
12,대동,14.46,저녁
12,대동,51.9,주간
12,대동,1.13,출근
12,대동,5.23,퇴근
12,금탄동,10.81,새벽
12,금탄동,13.32,저녁
12,금탄동,100.7,주간
12,금탄동,11.52,출근
12,금탄동,12.74,퇴근
12,신동,0.03,새벽
12,신동,6.62,저녁
12,신동,1925.66,주간
12,신동,112.95,출근
12,신동,74.35,퇴근
12,둔곡동,1470.45,새벽
12,둔곡동,1270.54,저녁
12,둔곡동,2995.43,주간
12,둔곡동,565.07,출근
12,둔곡동,545.12,퇴근
12,구룡동,1547.4,새벽
12,구룡동,1170.5,저녁
12,구룡동,4325.33,주간
12,구룡동,767.57,출근
12,구룡동,618.48,퇴근
